temperature,temperatura,Insolacao,umidade
31.8,22.4,0.6,92.0
29.6,22.5,0.1,91.0
29.7,22.4,0.1,90.25
31.1,22.3,3.4,90.5
32.4,21.5,2.5,91.5
31.5,21.9,0.9,90.0
32.1,21.3,3.7,89.25
32.5,20.7,5.2,90.0
30.9,22.1,3.1,93.25
27.3,21.7,0.5,93.5
31.9,20.7,3.8,94.0
33.1,21.8,2.9,89.25
32.8,22.2,5.5,87.5
32.4,21.2,9.4,87.0
34.0,21.1,9.1,88.5
32.7,22.0,6.1,90.5
35.4,20.5,8.8,87.5
30.9,21.9,3.7,89.25
35.5,20.8,10.4,85.5
35.8,22.4,8.1,82.25
33.2,22.1,2.4,93.25
32.1,21.1,2.6,94.25
30.5,21.2,3.0,90.25
27.9,22.5,0.1,95.0
31.0,22.3,4.4,90.25
31.3,21.6,4.1,90.75
31.5,22.0,1.1,90.0
32.4,21.1,2.4,92.0
32.7,22.3,2.1,90.75
33.7,21.6,3.5,90.25
34.3,20.5,6.3,85.5
36.2,21.8,8.9,88.25
34.0,23.0,6.4,84.5
35.0,22.5,9.2,98.0
32.5,22.1,2.0,93.5
32.5,21.8,0.9,88.0
28.3,21.4,0.8,95.5
25.6,21.4,NaN,96.75
31.6,21.5,1.2,91.0
27.2,21.8,0.7,93.5
31.2,21.8,2.7,87.75
30.9,21.6,3.5,92.75
28.7,21.2,0.3,95.25
29.5,20.7,0.8,92.5
31.3,21.3,2.6,91.5
33.9,21.4,7.6,83.75
33.0,20.8,4.6,92.25
32.0,20.3,5.3,85.25
33.3,21.3,6.7,89.5
32.6,21.3,5.2,90.5
32.5,21.3,5.7,91.25
32.2,21.0,5.3,88.5
30.7,22.3,1.4,93.75
34.4,20.1,7.5,86.75
33.8,20.5,9.4,98.5
33.7,21.2,6.2,88.0
33.6,20.6,8.2,88.0
33.9,22.2,5.5,86.25
32.4,22.0,2.7,87.75
31.6,21.1,2.8,95.0
30.4,21.9,0.4,89.5
31.5,22.4,2.5,93.75
32.7,21.4,3.1,91.0
29.4,21.5,1.5,88.75
30.4,21.0,0.2,91.0
33.6,21.6,3.6,90.0
33.9,20.7,7.4,87.25
28.8,21.9,0.6,92.25
30.5,23.2,1.0,93.5
30.0,21.2,1.1,97.5
30.4,20.6,2.2,91.5
30.6,20.9,2.3,93.25
32.3,22.2,2.8,92.5
32.1,20.9,0.7,92.5
31.8,20.8,0.6,90.25
29.0,21.8,1.1,94.5
31.0,22.5,2.2,92.5
30.5,21.5,0.3,92.75
31.5,22.0,0.3,90.0
33.2,22.6,4.4,88.25
33.3,21.6,4.8,92.5
33.6,19.6,9.1,87.5
32.3,21.3,6.0,87.75
34.5,19.0,6.4,86.75
35.9,19.9,10.1,80.5
35.1,20.9,9.9,81.25
35.1,20.1,4.5,85.25
34.1,20.9,2.5,84.25
33.0,22.2,1.2,90.0
34.1,20.7,5.8,85.25
33.7,21.0,4.4,94.0
30.8,20.7,2.7,90.0
33.2,20.5,5.8,85.5
33.5,21.2,7.6,82.75
34.8,21.0,7.8,87.5
34.8,21.7,3.7,96.0
34.0,20.8,7.2,86.5
34.8,21.8,9.2,83.25
34.3,21.4,7.3,82.75
35.1,21.4,9.7,79.0
35.1,20.7,9.9,83.5
35.8,20.8,9.3,82.25
34.7,19.6,8.2,87.0
34.8,21.3,8.1,86.75
34.3,20.8,6.2,84.75
33.8,20.6,5.8,88.5
32.0,22.2,2.6,91.5
35.7,21.3,7.2,87.25
32.8,21.4,4.2,91.75
32.9,21.5,5.2,87.5
31.7,22.4,3.4,90.5
33.1,20.4,7.8,88.5
33.7,22.4,5.5,88.0
31.6,21.1,6.3,90.0
34.6,20.9,9.1,85.25
35.3,20.8,7.1,85.25
33.6,22.3,7.5,86.25
33.2,22.2,6.7,86.0
34.2,20.3,9.7,83.25
33.9,20.0,9.6,83.0
34.3,17.5,9.8,80.0
34.6,18.5,8.3,83.0
34.3,21.4,9.7,83.75
35.0,20.7,9.3,83.0
34.6,20.9,8.5,84.0
34.6,19.8,9.6,82.75
34.5,20.4,8.9,80.25
35.7,19.0,8.6,86.5
34.6,20.8,8.5,81.25
35.3,20.7,7.2,84.75
35.6,21.1,9.0,81.75
32.5,21.3,7.6,85.0
35.8,19.2,9.7,80.75
35.1,20.2,9.1,81.5
34.2,20.9,7.4,83.5
33.6,18.5,9.8,78.5
35.2,16.5,9.4,80.5
34.6,17.2,7.9,78.25
31.4,17.3,8.5,83.0
31.7,16.3,8.3,83.0
31.6,16.0,9.7,83.5
32.0,18.5,5.5,82.75
34.2,17.0,9.8,79.5
34.3,18.8,9.7,78.0
33.8,19.4,9.2,80.5
33.7,19.1,9.3,78.25
34.4,19.0,9.8,80.5
33.9,18.0,9.5,82.75
33.4,16.4,7.9,80.25
33.2,16.4,9.4,80.25
33.8,15.8,9.0,80.75
34.4,14.6,9.1,79.25
33.4,14.9,9.0,78.25
33.9,18.0,7.4,84.5
34.8,16.4,8.3,76.75
34.6,18.7,9.8,75.5
33.5,18.2,9.7,76.0
33.2,17.5,9.0,78.25
33.3,17.8,9.7,79.0
33.4,18.8,9.7,78.75
33.0,17.6,9.7,78.25
34.2,16.3,9.7,76.25
33.9,17.8,7.5,83.75
33.3,16.7,9.1,78.25
34.1,16.7,9.2,77.75
34.3,17.7,9.5,78.25
34.7,17.4,9.2,77.75
33.7,17.2,8.4,78.5
33.4,16.8,9.7,75.75
34.0,16.2,8.7,83.5
33.5,16.3,9.3,82.25
31.0,16.1,8.3,84.75
29.3,14.6,8.4,87.5
32.6,15.9,9.7,81.25
34.2,16.1,9.2,80.75
33.8,17.7,6.1,79.0
33.5,18.7,7.7,81.25
33.3,16.9,8.6,78.25
33.3,15.9,8.9,80.25
33.8,16.5,9.5,76.25
34.5,17.4,8.4,80.25
34.4,21.0,7.6,81.5
33.2,18.8,6.2,78.5
35.7,18.5,9.0,77.75
33.9,19.1,NaN,79.75
32.5,17.0,7.3,77.25
32.1,15.0,9.7,77.25
33.2,14.7,9.6,76.75
32.9,16.2,9.4,78.0
33.8,18.9,9.0,75.0
33.8,17.0,9.8,76.25
33.6,15.7,9.5,73.5
35.8,16.6,7.2,73.0
24.3,12.5,6.3,76.25
25.9,10.6,8.8,75.5
32.4,10.5,9.6,80.25
34.1,14.5,9.3,80.5
30.6,19.4,9.6,69.75
31.6,14.3,9.7,77.5
34.5,12.8,9.7,77.5
34.3,14.0,9.5,73.75
32.1,14.9,9.3,78.75
33.7,14.3,9.8,74.5
34.1,17.9,8.6,80.75
25.3,19.4,2.1,84.5
28.8,11.4,9.6,83.75
34.8,13.1,9.3,78.25
34.8,16.4,9.8,76.25
35.7,18.4,9.5,77.25
36.0,19.7,8.4,74.25
35.1,19.1,9.7,NaN
35.4,16.6,9.8,69.5
35.1,16.2,9.7,66.75
35.2,18.3,9.2,69.5
35.7,17.8,8.4,72.75
35.4,18.7,8.1,76.25
34.1,20.4,8.9,73.5
35.3,17.0,9.9,69.5
36.5,19.1,9.9,67.5
36.2,17.3,9.8,68.25
35.9,16.9,9.8,70.25
36.3,16.5,9.2,74.75
36.0,18.7,9.5,74.75
34.8,20.9,9.6,76.0
31.5,17.1,8.4,82.75
35.6,15.4,10.0,79.5
34.1,19.4,3.7,82.75
34.6,18.7,7.1,81.75
35.1,19.0,5.7,82.25
34.9,17.7,9.4,73.5
36.0,15.5,9.2,72.0
37.1,14.8,10.0,72.25
36.2,16.3,9.3,68.25
36.5,18.2,8.7,72.75
37.0,16.4,9.5,66.25
36.9,16.0,9.2,62.5
36.8,17.9,8.9,67.25
36.5,18.6,9.0,68.0
37.7,20.2,8.1,71.0
38.1,18.9,6.5,73.0
35.6,20.8,7.4,76.5
34.0,20.9,4.4,90.5
31.3,19.8,3.1,84.0
36.7,20.0,8.5,76.5
36.6,22.7,6.2,79.0
36.8,22.3,5.5,77.5
29.2,20.9,0.7,87.5
35.1,19.0,8.5,81.25
36.5,20.2,7.9,73.75
35.3,21.4,6.3,81.25
32.6,20.6,7.3,84.0
35.2,20.8,6.9,81.0
33.5,21.7,3.9,89.75
36.8,20.1,8.3,75.75
36.4,21.3,7.7,73.75
35.4,20.5,7.4,76.75
36.6,21.5,6.8,78.0
33.8,22.4,2.0,81.25
35.1,21.2,6.7,76.75
32.3,20.8,5.3,91.5
33.6,20.1,7.8,86.0
34.7,20.4,6.4,85.75
36.2,20.7,8.7,81.5
36.5,20.2,9.3,74.0
37.5,18.5,9.0,70.0
36.7,18.7,8.7,75.5
37.0,17.7,8.3,69.5
35.2,19.9,2.9,81.75
30.3,21.8,0.4,85.75
33.4,18.6,6.8,72.5
34.5,17.1,8.9,71.5
35.2,20.6,9.0,73.75
34.0,21.1,3.5,82.75
34.2,19.8,4.8,85.5
33.9,20.5,4.5,88.75
31.5,21.3,2.5,85.25
30.0,21.0,1.9,86.25
32.0,21.6,0.3,83.5
28.8,21.9,1.5,95.75
34.4,20.2,6.3,85.0
35.5,21.1,7.7,77.25
34.5,21.3,3.4,85.0
34.9,20.9,4.9,72.75
36.9,21.4,7.4,79.25
36.6,-0.4,8.6,75.5
37.2,21.5,8.1,71.75
39.3,22.1,8.6,72.0
37.0,21.2,3.0,81.75
38.1,22.1,7.0,72.75
38.7,21.9,7.4,69.5
37.9,22.0,7.2,67.0
37.1,22.1,4.8,65.0
39.0,21.3,8.9,70.5
37.3,21.5,5.4,76.25
37.2,21.8,7.2,72.0
32.4,22.4,0.8,85.25
28.8,21.2,2.1,92.25
32.4,21.5,1.2,87.0
35.9,22.5,6.3,75.75
35.1,22.5,6.1,78.5
37.0,22.5,6.5,79.25
33.5,21.4,4.7,84.5
32.3,22.3,2.2,88.25
33.0,22.2,4.2,84.25
28.1,20.6,0.4,93.75
32.4,20.7,3.1,86.75
34.7,21.5,3.4,81.75
33.1,22.3,2.0,86.75
31.3,21.5,1.6,94.0
32.7,22.0,3.9,90.75
34.4,20.2,3.5,83.5
33.0,21.5,5.3,83.25
33.2,22.1,2.8,88.0
36.4,22.0,7.6,80.25
34.3,22.1,3.7,83.5
34.3,21.3,2.6,87.25
29.0,22.1,0.7,95.5
33.2,21.6,2.9,87.5
31.6,21.3,2.2,87.25
34.2,21.3,6.3,85.75
33.0,21.4,3.5,81.75
31.1,21.7,1.7,87.0
32.6,21.1,2.1,86.25
33.5,22.3,2.7,87.0
30.6,21.4,2.7,89.0
35.7,20.5,8.7,81.5
34.4,21.0,6.5,82.75
35.3,20.8,5.1,85.75
34.5,21.8,3.6,87.0
31.2,22.6,2.7,92.25
34.3,21.3,4.1,83.5
33.4,21.6,3.0,87.5
30.9,21.9,1.2,93.25
34.4,22.1,4.6,79.25
31.2,NaN,1.3,90.75
34.5,21.9,6.3,79.5
34.5,21.8,4.9,85.25
33.5,21.9,4.3,85.25
34.2,22.6,5.6,87.5
31.1,22.5,4.4,86.25
29.2,23.1,NaN,92.25
30.7,22.8,1.9,95.0
30.6,22.7,1.0,91.75
33.5,22.4,2.0,86.75
33.0,22.6,4.4,88.0
28.9,20.8,0.3,92.25
28.6,21.2,1.0,93.75
29.4,22.4,1.3,90.0
30.4,22.5,1.6,87.0
29.6,21.9,1.3,92.25
28.2,21.5,0.1,92.5
28.7,20.9,3.6,84.25
32.8,15.3,9.6,81.25
30.5,16.6,3.2,82.0
30.7,21.7,2.2,92.25
32.8,21.0,6.5,83.25
34.7,20.5,5.2,82.5
36.1,20.2,8.4,70.5
31.9,21.9,2.6,84.25
34.7,20.9,10.3,76.5
34.9,20.0,9.0,77.25
34.9,21.4,7.7,74.5
35.7,21.2,10.7,65.75
34.8,21.7,7.3,74.25
35.5,22.5,5.1,78.5
34.5,22.1,4.8,77.75
NaN,NaN,0.7,94.0
NaN,NaN,2.3,91.75
NaN,NaN,3.0,87.5
NaN,NaN,5.0,81.25
NaN,NaN,7.8,75.5
NaN,NaN,8.4,79.75
NaN,NaN,9.5,74.0
NaN,NaN,2.1,87.0
NaN,NaN,4.3,81.5
NaN,NaN,7.8,78.0
NaN,NaN,3.3,86.5
NaN,NaN,2.2,91.75
NaN,NaN,2.3,87.75
NaN,NaN,3.4,86.25
NaN,NaN,5.9,81.0
NaN,NaN,4.8,90.0
NaN,NaN,3.5,83.0
NaN,NaN,10.8,67.75
NaN,NaN,8.5,73.75
NaN,NaN,1.2,81.25
NaN,NaN,4.7,79.0
NaN,NaN,0.8,82.75
NaN,NaN,3.5,83.0
NaN,NaN,6.1,79.75
NaN,NaN,4.7,78.75
NaN,NaN,3.5,87.75
NaN,NaN,6.8,81.5
NaN,NaN,7.9,81.0
NaN,NaN,4.7,84.75
NaN,NaN,4.7,84.25
NaN,NaN,6.3,82.5
NaN,NaN,9.3,81.0
NaN,NaN,9.1,76.75
NaN,NaN,6.4,77.25
NaN,20.5875,1.7,85.5
NaN,NaN,9.0,75.0
NaN,NaN,10.3,66.25
NaN,NaN,8.6,70.25
NaN,NaN,6.0,80.0
NaN,NaN,2.0,89.25
NaN,NaN,9.7,70.0
NaN,NaN,9.5,72.25
NaN,NaN,6.0,81.75
NaN,NaN,8.7,74.25
NaN,NaN,10.5,72.5
NaN,NaN,2.9,86.25
NaN,NaN,1.6,86.0
NaN,NaN,5.8,86.0
NaN,NaN,5.4,85.25
NaN,NaN,4.9,86.0
NaN,NaN,4.4,83.0
NaN,NaN,4.8,79.0
NaN,NaN,0.1,89.0
NaN,NaN,3.3,84.75
NaN,NaN,7.9,75.25
NaN,NaN,1.4,87.0
NaN,NaN,7.6,76.5
NaN,NaN,2.7,89.5
NaN,NaN,2.5,81.25
NaN,NaN,7.1,84.25
NaN,NaN,2.9,82.0
NaN,NaN,3.3,84.25
NaN,NaN,6.4,69.25
NaN,NaN,6.8,76.75
NaN,NaN,2.7,86.5
NaN,NaN,9.5,73.5
NaN,NaN,8.6,69.5
NaN,NaN,4.1,80.75
NaN,NaN,0.2,91.75
NaN,NaN,NaN,90.75
NaN,NaN,1.1,86.25
NaN,NaN,2.3,87.25
NaN,NaN,1.6,85.0
NaN,NaN,1.4,93.25
NaN,NaN,4.6,84.5
32.9,NaN,8.5,79.0
NaN,NaN,3.9,86.5
NaN,NaN,3.8,82.25
NaN,NaN,6.5,79.75
NaN,NaN,7.6,74.75
NaN,NaN,5.7,76.5
NaN,NaN,2.5,78.0
NaN,NaN,6.4,76.25
NaN,NaN,8.3,76.0
NaN,20.5875,9.4,71.0
NaN,NaN,6.7,77.0
NaN,NaN,3.1,79.75
NaN,NaN,4.4,82.75
NaN,NaN,5.4,78.25
NaN,NaN,8.4,78.0
NaN,NaN,0.3,90.25
NaN,NaN,9.2,74.75
33.1,NaN,7.1,83.25
NaN,NaN,7.4,83.75
NaN,NaN,9.3,74.5
NaN,NaN,7.4,74.5
NaN,NaN,9.2,68.75
NaN,NaN,10.1,64.25
NaN,NaN,9.8,64.0
NaN,NaN,9.9,66.25
NaN,NaN,5.7,84.0
NaN,NaN,9.7,73.0
NaN,NaN,8.2,72.5
NaN,NaN,8.7,69.5
NaN,NaN,3.5,81.25
NaN,NaN,5.4,74.0
NaN,NaN,8.5,75.75
NaN,NaN,6.6,76.5
NaN,NaN,3.2,88.25
NaN,NaN,8.6,76.75
NaN,NaN,3.4,87.25
NaN,NaN,4.5,86.0
NaN,NaN,0.2,91.75
NaN,NaN,6.4,81.75
NaN,NaN,9.8,76.25
NaN,NaN,9.8,73.5
NaN,NaN,9.9,66.25
NaN,NaN,9.8,71.75
NaN,NaN,9.6,67.0
NaN,NaN,9.4,68.5
NaN,NaN,9.8,67.25
NaN,NaN,9.6,69.75
NaN,NaN,10.0,68.75
NaN,NaN,8.7,66.5
NaN,NaN,7.3,75.0
NaN,NaN,7.7,73.0
NaN,NaN,6.6,73.0
NaN,NaN,8.2,67.25
NaN,NaN,4.6,71.25
NaN,NaN,8.5,64.0
NaN,NaN,5.8,NaN
NaN,NaN,6.3,73.25
NaN,NaN,2.8,75.5
NaN,NaN,3.2,77.75
NaN,NaN,9.6,73.0
NaN,NaN,8.0,72.25
NaN,NaN,2.0,84.75
NaN,NaN,9.3,75.0
NaN,NaN,9.5,72.5
NaN,NaN,9.4,67.75
NaN,NaN,9.8,64.0
NaN,NaN,7.5,68.25
NaN,NaN,8.6,72.25
NaN,NaN,2.5,85.25
NaN,NaN,5.0,81.0
NaN,NaN,4.2,84.0
NaN,NaN,NaN,92.5
NaN,NaN,5.8,81.25
NaN,NaN,9.2,75.25
NaN,NaN,8.6,71.0
NaN,NaN,9.1,73.75
NaN,NaN,8.5,75.0
NaN,NaN,6.6,78.25
NaN,NaN,7.9,74.0
NaN,NaN,8.2,75.0
33.4,NaN,9.0,73.75
NaN,NaN,9.2,70.0
NaN,NaN,9.3,69.0
NaN,NaN,9.0,67.5
NaN,NaN,9.3,66.5
NaN,NaN,8.9,66.75
NaN,NaN,9.3,66.25
NaN,NaN,8.2,68.25
NaN,NaN,9.4,66.25
NaN,NaN,9.3,65.75
NaN,NaN,9.4,67.75
NaN,NaN,7.1,70.5
NaN,NaN,6.3,72.5
NaN,NaN,0.4,79.0
NaN,NaN,5.5,71.0
NaN,NaN,5.5,72.75
NaN,NaN,9.0,74.0
NaN,NaN,9.1,66.0
NaN,NaN,9.0,63.75
NaN,NaN,8.4,62.75
NaN,NaN,6.3,68.75
NaN,NaN,4.4,74.75
NaN,NaN,8.4,66.0
NaN,15.5,9.1,63.5
NaN,NaN,8.3,62.75
NaN,NaN,9.2,62.0
NaN,NaN,8.2,65.5
NaN,NaN,6.4,64.5
NaN,NaN,7.5,63.0
NaN,15.5,8.8,66.0
NaN,NaN,8.9,60.75
NaN,NaN,6.3,61.0
NaN,NaN,9.5,57.75
NaN,NaN,9.7,62.0
NaN,NaN,9.6,62.5
NaN,NaN,9.5,62.75
NaN,NaN,9.5,62.0
NaN,NaN,8.2,65.75
NaN,NaN,9.0,68.0
NaN,NaN,9.5,63.0
NaN,NaN,9.6,61.0
NaN,NaN,9.6,58.5
NaN,NaN,9.6,58.25
NaN,NaN,9.6,61.5
NaN,NaN,9.8,64.0
NaN,NaN,9.1,64.75
NaN,NaN,9.1,65.25
NaN,NaN,9.9,65.0
NaN,NaN,9.8,62.25
NaN,NaN,9.1,64.0
NaN,NaN,8.6,65.5
NaN,NaN,9.3,61.75
NaN,NaN,8.8,70.25
NaN,NaN,7.0,67.0
NaN,NaN,9.9,56.0
NaN,NaN,9.5,55.5
NaN,NaN,9.9,50.75
NaN,NaN,9.9,52.25
NaN,NaN,9.9,57.75
NaN,NaN,8.2,50.25
NaN,NaN,9.1,49.75
NaN,NaN,9.8,50.25
NaN,NaN,9.8,51.5
NaN,NaN,8.9,48.0
NaN,NaN,10.0,50.25
NaN,NaN,9.8,50.5
NaN,NaN,9.8,56.0
NaN,NaN,9.9,49.75
NaN,NaN,9.9,48.5
NaN,NaN,9.8,47.25
NaN,NaN,9.0,51.5
NaN,NaN,9.5,54.5
NaN,NaN,7.5,52.75
NaN,NaN,9.8,51.25
NaN,NaN,9.7,49.0
NaN,NaN,9.8,48.75
36.4,NaN,9.2,51.25
34.9,NaN,9.7,51.75
34.1,NaN,9.6,50.0
36.2,NaN,9.4,50.25
NaN,NaN,7.0,54.25
NaN,NaN,5.6,58.0
NaN,NaN,5.9,64.5
NaN,20.9,5.0,68.0
NaN,NaN,6.7,64.25
NaN,NaN,5.3,64.5
NaN,NaN,5.7,77.25
NaN,NaN,5.5,73.25
35.6,NaN,8.8,63.0
37.0,NaN,8.4,57.0
NaN,NaN,6.4,72.75
NaN,NaN,5.2,67.75
NaN,NaN,8.8,64.0
NaN,NaN,9.4,51.75
NaN,NaN,7.8,61.0
NaN,NaN,8.3,64.5
NaN,NaN,7.6,68.5
NaN,NaN,8.0,62.75
NaN,NaN,6.0,61.75
NaN,NaN,7.3,66.0
NaN,NaN,7.3,62.5
NaN,NaN,5.9,64.75
35.3,22.6,6.5,62.75
NaN,NaN,0.4,74.0
32.5,18.0,8.3,52.75
36.2,NaN,NaN,49.0
NaN,18.6,9.6,53.0
NaN,20.5,4.0,63.5
NaN,21.0,2.9,64.75
NaN,22.0,0.6,75.25
NaN,20.5,5.2,68.5
NaN,21.5,4.7,70.25
NaN,20.2,8.5,65.5
37.3,20.9,6.8,61.5
NaN,NaN,4.2,73.5
NaN,21.5,6.7,68.75
NaN,23.8,3.1,75.5
36.3,NaN,2.4,79.25
35.6,20.1,8.7,70.25
NaN,21.2,8.6,65.25
29.4,22.1,1.2,86.5
36.4,20.4,9.1,71.75
35.4,NaN,5.8,75.5
NaN,2.2,5.1,67.25
NaN,19.9,0.8,86.5
34.8,20.1,6.0,71.75
31.8,21.9,2.6,78.5
34.2,22.7,5.8,74.0
32.7,21.8,2.8,83.25
34.5,NaN,4.8,75.5
29.4,21.4,1.5,84.0
29.9,21.1,0.8,82.75
32.9,NaN,3.3,82.75
29.0,22.3,NaN,90.0
31.9,21.7,3.7,88.0
NaN,21.6,0.7,85.25
NaN,22.5,4.6,79.5
35.1,21.4,8.5,74.75
32.1,21.1,6.1,70.0
34.5,29.5,9.5,71.25
35.8,21.6,8.0,68.25
37.9,21.7,9.3,64.5
NaN,NaN,9.7,60.0
36.8,22.2,7.0,70.25
35.6,20.1,9.7,66.5
NaN,20.5,9.2,59.75
34.8,20.3,4.6,78.0
36.9,22.9,5.9,64.5
NaN,23.3,6.8,75.0
26.5,21.3,NaN,91.75
33.8,21.1,5.8,73.0
32.2,22.5,2.8,84.75
32.7,21.3,3.6,80.5
34.9,20.8,6.4,75.5
36.5,21.9,9.7,67.25
35.2,23.1,5.1,76.0
35.1,22.6,4.6,79.0
NaN,21.3,1.8,76.5
34.7,22.2,6.0,75.5
34.8,22.9,5.9,76.25
32.7,21.5,2.4,80.5
34.1,21.0,5.1,76.5
33.4,21.4,5.1,77.0
32.1,26.9,1.1,89.0
34.9,21.5,3.3,81.5
34.5,22.7,5.7,77.5
31.4,22.0,2.6,85.0
27.9,23.0,NaN,88.25
31.6,21.8,3.1,77.25
33.1,22.3,2.8,90.0
30.9,22.0,4.1,86.0
32.3,22.7,4.0,84.0
32.2,21.4,4.4,80.75
32.5,20.7,3.4,79.25
31.9,22.1,2.5,90.0
32.4,22.5,3.2,82.5
32.9,22.9,2.8,83.75
30.0,23.3,0.1,87.25
31.8,21.7,1.9,87.0
31.7,21.7,3.5,79.75
32.3,22.8,5.3,83.25
34.4,20.7,7.3,74.75
32.4,23.0,2.4,82.5
30.9,21.9,1.0,83.0
33.0,22.8,5.7,82.0
35.0,22.4,6.4,75.5
33.8,22.7,3.0,91.0
33.0,21.5,3.6,80.25
NaN,23.1,3.1,88.75
33.9,22.6,5.5,83.25
33.2,NaN,5.3,85.75
30.6,21.9,1.4,85.5
32.3,22.5,3.8,78.75
35.1,21.3,5.8,81.25
33.1,21.7,4.3,79.5
29.7,23.0,NaN,93.75
30.9,22.6,2.3,86.0
28.1,24.6,NaN,90.5
31.5,22.3,1.4,90.75
31.6,21.3,3.9,83.0
NaN,NaN,1.3,87.5
NaN,NaN,2.6,87.25
28.1,NaN,2.6,90.75
30.3,22.1,1.0,88.0
30.1,22.0,3.7,85.75
32.4,22.1,NaN,79.5
32.4,22.1,2.8,84.75
31.6,22.4,3.8,92.0
29.1,22.7,0.6,91.75
34.5,21.7,4.8,88.75
28.2,21.8,NaN,92.25
32.8,22.6,NaN,82.75
31.8,23.1,NaN,84.75
33.8,22.4,NaN,85.0
32.3,22.5,NaN,91.75
29.0,21.4,NaN,89.25
32.5,21.9,NaN,84.25
28.1,22.9,NaN,93.25
33.1,22.8,NaN,92.25
26.7,21.6,NaN,NaN
28.0,21.4,NaN,90.0
30.3,22.2,NaN,91.0
33.3,21.0,NaN,82.0
29.4,NaN,NaN,NaN
29.4,NaN,NaN,NaN
31.2,NaN,NaN,NaN
32.6,22.3,NaN,86.0
32.4,23.3,NaN,86.0
34.1,22.1,NaN,78.0
32.2,21.2,NaN,83.0
32.1,21.4,NaN,87.5
33.9,22.0,NaN,84.25
35.1,21.3,NaN,76.75
35.9,20.9,NaN,71.0
34.8,20.7,NaN,NaN
34.9,21.2,NaN,NaN
35.5,22.7,NaN,76.75
34.0,22.0,NaN,82.75
34.6,23.1,NaN,85.25
NaN,20.8,NaN,NaN
33.5,NaN,NaN,NaN
35.6,22.1,NaN,74.0
34.7,22.5,NaN,75.75
33.0,21.1,NaN,86.25
34.1,23.3,NaN,86.5
29.8,22.2,NaN,88.0
32.5,22.1,NaN,83.75
25.8,22.8,NaN,96.0
32.1,20.7,NaN,88.0
25.9,22.3,NaN,97.5
33.3,21.7,NaN,NaN
26.4,22.3,NaN,96.25
30.0,20.1,NaN,87.5
32.1,21.3,NaN,84.0
NaN,22.6,NaN,NaN
34.9,NaN,NaN,80.0
32.0,22.3,NaN,85.0
33.9,21.5,NaN,81.0
32.7,21.7,NaN,93.0
34.4,21.9,NaN,85.25
34.7,21.8,NaN,86.75
34.3,22.8,NaN,86.0
33.7,22.2,NaN,84.0
34.9,22.5,NaN,85.75
32.9,22.9,NaN,84.0
35.5,22.0,NaN,78.75
26.9,23.4,NaN,93.5
33.9,21.5,NaN,87.25
35.1,21.3,9.8,81.25
32.9,21.6,9.8,87.0
35.0,20.4,NaN,78.0
36.0,21.0,NaN,76.5
34.5,22.1,NaN,81.5
34.0,20.8,NaN,84.25
33.2,19.1,NaN,77.75
32.1,21.7,NaN,84.25
32.5,20.8,NaN,82.25
35.9,22.5,NaN,80.75
35.6,22.2,NaN,83.5
33.4,21.1,NaN,87.75
34.6,20.6,NaN,76.25
35.2,21.7,NaN,75.5
35.9,21.4,NaN,75.25
36.1,23.3,NaN,75.25
35.7,21.0,NaN,78.5
34.1,22.2,NaN,80.25
35.0,20.9,NaN,79.25
34.3,20.6,NaN,88.5
35.8,22.0,6.5,78.25
34.1,21.9,7.2,83.25
34.3,22.5,3.9,83.25
27.3,22.3,NaN,97.0
34.4,20.9,2.4,80.5
31.9,23.0,1.4,87.75
31.9,22.2,2.7,90.25
31.7,21.6,2.7,88.25
32.6,21.2,5.6,82.0
34.9,20.9,9.9,NaN
35.5,22.5,9.9,75.0
34.9,NaN,7.3,NaN
35.8,21.5,8.1,77.75
34.0,22.1,7.5,84.25
36.0,22.7,9.7,75.25
36.1,23.1,7.5,75.5
34.3,22.0,6.2,81.0
35.2,21.2,8.4,79.5
34.9,21.4,10.0,78.0
35.6,21.4,9.6,75.25
35.1,21.7,7.2,79.75
33.6,21.3,7.5,80.75
30.8,20.9,0.4,94.75
33.7,20.5,8.5,82.25
33.2,21.9,6.2,84.75
33.8,22.7,6.0,83.0
35.2,21.5,8.6,78.75
32.7,21.8,4.8,83.0
24.4,NaN,8.2,NaN
34.0,21.0,9.2,79.0
34.7,21.1,7.9,79.25
35.4,20.3,8.9,NaN
35.1,21.9,10.2,70.75
34.7,19.8,9.4,69.0
35.0,18.1,9.6,71.25
34.3,19.2,7.8,74.0
34.5,19.8,7.7,71.75
34.7,19.8,9.4,71.75
35.3,22.4,9.6,70.5
35.7,19.5,9.6,71.5
35.3,21.8,8.8,72.75
NaN,21.5,8.8,NaN
35.0,21.2,5.7,81.75
36.1,21.6,9.7,74.75
36.3,21.7,8.5,78.5
36.4,21.2,9.1,75.0
35.8,20.7,9.6,76.25
35.5,21.0,8.2,75.5
35.4,22.0,7.5,75.5
35.3,21.4,7.6,74.5
35.3,20.1,8.0,75.75
33.7,21.1,6.2,76.5
35.1,20.8,9.3,72.0
NaN,20.0,9.3,NaN
35.4,19.4,9.7,72.25
35.3,20.4,8.9,75.5
34.9,21.3,8.2,73.0
35.1,19.7,8.4,73.5
36.2,19.6,8.2,72.0
34.7,20.5,6.7,76.25
34.5,19.9,6.4,75.25
34.7,20.9,7.0,76.25
27.8,22.6,0.1,93.0
31.1,18.0,7.2,84.25
32.0,17.8,8.3,78.5
NaN,18.9,8.3,78.0
32.9,15.6,7.1,70.5
33.3,17.4,9.5,75.5
33.1,19.4,8.4,69.0
32.6,16.8,9.8,69.0
32.5,15.1,9.8,68.75
33.4,14.0,9.4,62.0
34.3,15.8,8.6,68.0
33.8,17.0,6.7,72.25
34.5,17.4,9.0,66.75
34.4,16.4,9.0,69.25
33.8,16.1,9.2,67.5
34.0,14.5,8.0,70.25
34.3,16.1,8.9,70.0
31.8,15.7,8.5,65.5
34.6,22.5,9.6,66.5
34.5,15.5,9.5,62.75
34.6,16.0,9.1,65.75
35.1,16.1,8.9,74.75
34.0,NaN,8.7,68.0
34.2,16.9,9.7,66.75
34.1,17.1,9.6,65.0
31.8,16.3,6.5,76.25
34.2,16.5,8.7,71.25
33.8,16.9,8.1,64.75
33.3,16.5,6.9,71.0
33.5,16.5,9.7,64.75
33.5,20.3,8.3,67.0
32.7,16.2,5.2,67.0
30.1,20.0,1.2,72.75
31.9,16.3,NaN,71.75
31.4,15.0,8.4,75.75
32.2,17.1,9.5,69.75
NaN,14.6,NaN,NaN
33.9,16.0,8.0,69.5
33.5,17.7,8.6,68.0
33.5,17.7,9.3,68.5
35.8,16.2,9.2,66.25
34.5,NaN,8.8,63.0
34.3,15.8,9.7,67.25
33.8,15.8,9.7,63.25
NaN,15.3,NaN,NaN
32.4,19.5,4.6,67.5
33.7,14.4,9.0,67.25
31.8,16.5,8.8,73.0
31.5,NaN,8.2,68.0
33.5,16.0,8.4,70.25
34.0,17.1,9.3,65.25
35.5,17.7,9.4,64.25
35.0,18.3,7.4,66.5
33.1,19.5,9.2,71.75
34.4,18.0,8.8,69.5
34.8,17.7,5.2,70.25
33.5,20.5,2.5,71.75
34.9,17.6,9.4,67.25
34.1,18.0,9.0,67.25
34.7,19.0,3.6,70.25
34.6,20.8,6.3,71.0
34.7,20.0,8.6,72.75
34.5,21.5,6.3,77.0
34.9,19.6,9.4,73.25
35.9,18.7,9.4,68.0
36.2,19.3,9.7,63.25
36.0,20.2,8.8,60.75
35.6,18.2,5.7,67.0
33.5,20.3,9.0,64.5
34.3,NaN,7.2,65.0
36.6,19.1,9.6,68.0
34.0,20.2,9.6,64.25
35.7,20.1,6.3,71.0
35.6,19.6,8.2,66.75
34.4,16.4,9.4,70.0
36.1,18.5,9.8,63.75
37.2,18.3,9.8,64.5
37.6,17.7,9.8,66.5
37.5,17.6,6.6,60.0
36.9,16.9,8.4,56.25
34.9,15.9,9.5,54.5
35.4,21.9,9.8,51.25
36.2,15.3,9.9,50.0
36.6,15.6,9.8,55.25
36.3,16.4,8.0,54.25
36.1,16.3,8.8,61.5
36.5,17.1,9.7,55.75
37.8,17.9,9.7,50.25
36.8,18.2,7.5,57.5
35.7,19.2,7.3,63.25
35.9,19.5,7.5,58.5
35.9,16.8,9.6,56.0
35.5,18.0,6.5,57.0
35.5,17.6,9.0,60.0
36.3,17.1,9.9,54.5
NaN,NaN,NaN,NaN
37.3,17.4,8.7,56.5
37.2,17.9,9.4,53.75
35.5,17.2,2.4,58.0
35.4,17.1,0.8,67.5
36.7,23.4,3.0,61.25
30.4,22.0,NaN,76.0
NaN,19.8,NaN,NaN
30.8,20.0,3.3,64.0
31.4,15.0,8.2,53.25
36.3,14.6,8.5,48.25
38.0,17.4,8.5,47.0
37.2,20.8,3.4,58.25
36.3,21.8,4.7,64.0
33.8,21.3,1.5,80.5
33.7,20.6,3.4,71.75
NaN,20.6,5.2,73.0
34.9,21.1,3.0,71.5
36.9,18.9,9.2,53.75
35.7,18.6,8.1,56.75
35.8,18.1,1.6,61.75
36.5,21.2,3.7,64.75
38.3,NaN,4.6,62.5
36.7,23.2,3.5,61.75
35.6,21.8,6.2,69.25
37.3,21.7,7.9,60.0
34.5,19.8,4.4,69.75
34.9,21.5,NaN,76.75
32.4,22.4,NaN,77.0
NaN,NaN,NaN,87.0
35.3,20.4,4.1,74.5
NaN,21.8,4.2,76.25
33.8,20.9,6.0,73.0
36.0,19.6,8.2,61.0
NaN,20.7,NaN,NaN
35.9,NaN,1.8,65.75
37.2,20.4,7.9,57.5
34.2,22.1,5.0,76.0
36.1,20.2,6.7,69.0
NaN,21.7,NaN,NaN
36.1,22.1,4.5,73.25
34.0,21.7,7.2,83.5
35.8,20.6,8.0,76.0
36.8,22.1,7.6,64.0
35.7,23.1,3.6,67.25
36.6,21.4,6.4,64.0
36.3,21.5,5.0,61.75
35.9,20.8,4.4,65.0
36.8,21.9,6.2,64.0
37.2,21.9,5.1,63.5
29.8,22.7,NaN,80.5
36.8,20.1,6.0,64.5
36.5,21.3,5.9,76.0
34.1,21.6,6.3,75.25
30.1,20.3,0.2,81.75
36.5,21.6,7.3,63.25
NaN,21.4,NaN,NaN
35.9,21.5,7.8,78.0
34.3,NaN,5.9,75.25
33.2,22.7,3.8,73.75
37.8,22.2,9.4,64.25
35.6,23.3,6.8,73.25
34.4,20.0,6.6,74.25
36.1,21.6,8.8,73.75
37.0,NaN,7.2,75.0
35.2,20.7,9.5,69.5
33.5,22.2,4.6,75.25
30.5,22.2,2.9,69.0
32.4,22.1,2.4,80.0
33.9,22.3,3.5,82.0
36.1,22.8,7.2,87.25
34.1,20.8,3.2,80.5
34.5,22.0,3.2,82.75
30.1,21.1,2.2,92.5
30.7,20.7,2.1,86.0
33.3,21.9,6.4,77.0
33.8,22.2,8.3,73.25
32.5,21.9,4.1,78.0
33.5,21.7,5.4,79.25
33.3,21.5,3.2,82.0
35.8,22.5,7.5,67.75
35.3,22.1,7.2,77.25
35.5,21.2,6.2,83.5
NaN,21.2,8.6,71.0
36.5,21.7,9.7,70.0
36.7,22.7,8.2,66.5
35.8,21.3,8.9,74.5
35.9,21.1,9.1,72.5
36.1,22.7,8.1,70.5
37.4,22.8,6.6,63.75
35.3,22.1,4.8,78.5
31.2,NaN,2.6,77.0
34.1,22.7,4.1,78.5
34.9,22.1,5.0,83.75
36.1,22.1,6.0,76.5
NaN,23.2,NaN,NaN
36.4,21.5,8.9,72.0
35.1,22.3,4.0,80.5
NaN,22.3,NaN,NaN
33.4,NaN,3.4,80.0
33.5,23.0,4.1,81.25
35.3,20.8,8.5,74.5
36.3,21.4,8.8,69.25
36.9,22.4,9.5,69.75
36.3,22.9,7.7,69.0
36.9,NaN,8.6,70.0
35.5,22.8,4.3,78.0
33.0,22.2,3.0,83.0
32.7,22.5,3.8,85.0
28.6,22.7,0.2,85.25
29.9,21.6,1.1,86.0
33.2,22.3,4.5,87.25
30.4,22.5,0.9,85.75
31.8,21.5,1.5,86.25
34.6,21.8,3.9,80.5
32.9,22.9,1.9,85.75
33.3,22.1,4.4,82.0
26.5,22.1,0.2,95.0
30.1,22.0,2.1,86.5
34.3,21.0,8.6,73.0
35.7,20.9,10.3,69.5
34.6,22.6,6.8,75.0
34.4,22.3,5.8,75.25
35.9,23.0,8.6,78.0
33.5,22.6,4.1,82.5
NaN,22.6,NaN,NaN
32.1,21.3,3.4,88.25
30.0,21.5,0.2,90.25
28.6,22.3,0.1,92.5
32.7,21.3,3.8,87.75
28.1,21.3,0.8,91.25
32.2,21.4,5.4,82.5
32.7,22.6,2.1,86.0
32.3,22.6,4.0,80.5
34.7,21.3,6.6,79.75
34.7,23.9,3.5,80.75
32.7,22.7,2.3,87.75
30.9,23.3,2.6,84.5
34.6,23.2,6.0,79.5
33.0,22.4,5.1,81.0
34.4,21.7,7.6,75.75
35.3,22.6,7.7,77.25
31.5,22.6,2.6,84.75
27.5,23.1,NaN,92.0
32.5,21.7,5.1,85.75
30.5,22.3,0.9,90.0
31.9,22.1,1.8,89.25
25.8,20.6,NaN,94.5
30.5,20.7,0.6,85.5
25.7,21.3,NaN,95.0
31.4,21.3,2.2,84.0
32.6,20.7,4.8,78.75
32.0,21.2,2.4,83.5
32.9,22.3,5.2,83.0
33.7,22.2,9.1,77.5
33.4,21.3,6.3,82.0
29.0,22.0,1.1,88.5
32.7,21.7,4.3,88.5
31.6,21.9,4.3,86.5
33.0,21.7,6.0,84.0
31.7,22.1,4.0,84.75
29.8,21.8,0.3,85.0
33.4,21.5,5.8,80.25
33.3,21.8,3.5,83.5
32.3,21.5,2.8,91.5
35.1,21.0,6.9,78.75
35.4,20.1,10.0,76.5
35.6,20.3,9.0,74.75
33.3,21.3,4.9,78.25
35.7,22.4,10.2,68.0
35.3,21.6,10.4,69.5
37.0,21.8,9.6,70.75
35.1,21.9,7.1,76.0
33.7,21.5,3.5,80.75
32.5,22.0,3.8,85.0
25.6,21.6,NaN,94.5
31.4,21.6,3.3,81.5
33.0,22.3,4.4,80.5
30.7,22.7,1.0,87.75
32.5,20.7,3.8,83.5
33.9,21.3,4.1,85.25
28.5,21.1,NaN,96.25
29.7,20.7,1.5,72.9
31.5,21.7,3.1,80.0
31.7,20.3,5.5,84.75
31.4,20.5,4.0,82.5
33.3,21.6,4.0,77.5
30.4,22.6,0.3,92.5
34.1,20.4,6.8,82.0
35.1,21.8,8.4,75.5
34.7,22.6,4.2,78.0
30.2,22.3,1.6,84.75
34.1,21.0,4.8,78.0
35.5,20.8,9.9,71.75
35.6,21.3,7.3,78.5
34.5,20.9,7.0,75.25
35.4,21.3,7.7,76.5
33.8,22.7,6.1,75.75
35.6,22.1,9.9,71.25
34.3,21.8,6.5,83.25
30.7,22.3,1.6,88.75
31.3,22.7,0.2,91.5
33.3,22.7,2.9,83.0
31.5,22.2,2.1,87.5
33.1,21.3,3.1,83.5
32.8,22.2,2.5,84.5
28.6,21.4,0.1,89.0
31.7,21.4,1.6,85.25
30.5,21.6,2.0,90.25
33.0,22.2,4.2,84.5
32.6,22.4,2.7,85.5
32.8,22.4,1.7,87.5
30.0,21.6,3.0,90.5
30.3,21.3,0.5,94.5
32.5,21.3,5.6,82.25
30.5,22.3,1.3,86.0
31.2,21.3,5.6,80.25
33.9,22.0,6.1,81.75
31.5,22.4,2.4,86.25
29.1,22.5,1.3,87.0
33.5,21.8,5.9,83.75
35.2,21.4,8.1,76.75
34.1,22.6,8.1,78.25
35.2,21.2,8.9,74.5
34.8,22.0,6.1,82.0
33.0,21.8,7.5,78.75
32.5,21.5,3.5,86.25
31.5,22.9,2.9,89.25
32.9,22.6,6.0,82.25
28.5,22.0,NaN,93.75
33.2,20.9,5.2,87.5
32.0,22.0,2.7,86.0
32.7,19.8,9.2,75.0
30.5,20.6,1.2,77.0
32.7,21.1,4.2,83.0
32.9,22.3,4.8,82.0
33.3,21.4,3.2,82.5
34.3,20.6,8.8,76.25
34.8,22.4,9.5,75.0
33.5,22.1,1.5,85.0
33.8,20.1,7.5,79.0
33.6,20.5,8.6,78.0
33.7,20.1,9.9,74.25
34.7,19.8,9.6,72.0
35.6,19.1,9.9,71.5
35.0,20.2,9.7,70.0
34.6,20.3,8.8,74.75
35.1,19.7,9.9,73.0
35.5,19.4,9.7,72.5
35.2,20.1,8.1,75.75
32.3,22.3,4.6,88.25
35.4,21.8,8.4,72.25
33.0,22.8,7.1,78.0
34.1,20.9,7.3,78.75
31.7,21.3,0.7,86.5
28.9,22.0,0.7,85.25
30.8,18.8,5.4,69.25
30.7,18.5,6.9,70.75
32.3,15.7,9.5,64.5
32.3,15.2,6.4,67.75
32.9,19.5,3.2,76.75
33.2,21.6,3.1,79.75
33.6,18.7,9.9,67.75
34.3,17.0,9.6,68.75
34.2,18.8,9.6,70.5
34.3,18.1,9.0,69.5
34.0,19.3,9.7,71.5
33.6,18.5,9.6,68.75
33.3,17.9,10.0,68.5
34.8,18.0,9.8,69.5
34.7,17.9,8.8,73.25
34.7,20.1,9.3,76.75
35.9,20.2,8.9,71.25
30.1,22.0,4.4,83.5
32.5,20.8,5.0,81.0
32.5,20.6,5.5,82.5
32.2,22.3,4.4,82.75
30.1,21.9,2.9,84.0
31.8,20.5,4.8,77.75
31.2,20.1,3.4,76.75
31.3,20.8,0.7,83.75
33.1,19.5,7.5,76.0
33.4,19.5,7.6,71.25
34.2,19.9,9.2,72.75
33.9,19.2,8.6,71.25
33.4,20.4,6.9,76.25
34.5,18.8,9.3,71.25
34.8,19.6,9.4,69.75
33.3,19.3,6.0,69.0
33.2,17.2,9.3,69.25
34.0,15.3,9.2,64.5
33.4,17.2,8.2,70.0
33.0,16.1,6.1,67.5
35.0,16.3,9.3,65.75
34.2,17.0,7.9,63.5
34.5,14.7,8.1,65.25
33.8,16.4,9.5,63.75
33.4,14.4,9.6,65.0
33.9,13.3,9.2,65.25
33.6,16.1,9.0,65.0
33.2,16.3,6.1,67.75
33.7,15.9,8.4,67.0
32.7,17.1,5.3,66.75
33.3,16.0,8.6,69.25
33.5,16.0,8.2,66.25
33.1,15.8,9.4,66.5
33.1,15.1,8.2,63.0
34.3,16.6,8.6,63.0
34.3,17.5,8.1,69.25
32.1,18.1,6.5,68.0
32.9,14.2,9.3,58.75
33.4,13.1,9.3,57.75
31.4,16.1,7.6,64.75
33.3,12.9,9.2,61.75
34.0,13.9,9.2,66.25
34.5,16.9,7.8,67.5
33.5,17.1,7.6,67.0
33.1,14.1,8.9,63.5
33.9,13.9,8.7,62.0
34.8,15.3,0.7,69.5
33.8,17.5,5.8,71.5
NaN,NaN,NaN,NaN
35.8,NaN,9.0,60.0
36.6,19.0,9.2,47.75
35.8,16.8,9.5,54.5
35.9,17.6,8.4,59.25
35.8,18.6,9.6,59.5
35.8,18.7,9.0,58.75
37.3,17.1,8.9,53.5
34.4,20.2,9.8,66.5
36.1,17.9,10.0,52.25
36.5,19.3,10.0,49.75
37.3,16.7,9.0,54.25
37.7,17.8,9.5,57.75
36.9,18.5,8.3,68.25
35.5,20.8,9.4,56.25
34.3,17.5,9.9,56.5
36.5,15.8,9.8,49.5
35.7,16.5,9.7,52.75
36.1,20.0,7.4,57.0
35.4,19.2,10.0,55.0
36.4,17.9,8.4,50.75
37.4,17.9,10.0,52.75
38.3,18.6,9.6,53.0
29.9,20.7,2.1,60.25
33.0,13.8,9.9,65.75
35.4,16.6,9.6,43.0
33.8,16.9,8.6,44.5
32.7,15.5,9.6,42.5
35.1,15.3,8.6,50.75
35.6,17.4,9.4,50.5
35.8,20.1,6.1,58.0
36.0,21.4,6.4,62.0
38.2,18.6,9.5,50.25
36.9,18.3,9.6,48.0
37.8,17.7,8.9,49.5
35.1,17.9,4.4,56.75
36.2,18.3,7.0,54.25
35.6,20.2,4.6,63.25
26.4,22.2,NaN,82.25
29.1,17.8,5.1,68.75
33.6,13.4,9.0,59.0
38.1,15.9,9.5,52.5
37.7,19.1,7.9,47.25
36.6,21.0,6.2,57.25
39.0,21.8,6.1,54.75
28.1,20.2,NaN,89.5
33.3,19.8,3.4,77.75
36.3,20.0,7.5,71.0
37.5,21.1,6.8,64.75
34.7,21.7,0.8,73.5
35.6,21.7,5.1,67.5
37.2,21.7,7.4,65.25
35.5,20.8,0.6,67.0
36.1,21.4,6.0,69.0
35.6,22.2,3.9,68.0
37.1,22.8,5.2,65.75
34.1,21.3,3.7,79.75
33.2,22.2,0.7,76.5
26.7,21.2,NaN,93.5
32.8,20.1,1.6,81.25
33.4,22.7,3.3,75.25
34.3,20.2,4.7,74.75
31.2,21.4,0.9,81.0
32.2,22.4,2.4,77.75
32.7,21.8,2.4,81.0
28.8,20.9,NaN,86.75
33.9,21.6,3.2,78.75
36.3,20.2,9.1,66.25
35.7,20.9,4.7,80.0
33.9,19.7,7.4,77.25
34.7,21.6,7.2,74.5
29.4,21.1,0.2,85.5
31.6,21.1,4.8,86.0
34.2,21.9,6.0,74.0
32.7,20.8,5.5,76.75
33.9,20.6,5.4,79.25
34.2,21.7,2.4,88.75
31.6,21.4,1.5,85.0
34.9,21.3,5.1,83.25
36.8,22.1,9.2,72.25
34.7,23.3,6.0,73.75
32.7,21.3,2.4,79.75
33.5,21.6,5.4,79.5
33.4,22.7,6.7,82.25
35.5,23.2,7.6,71.25
36.3,21.6,8.6,64.0
28.4,21.3,0.1,84.75
33.2,20.0,6.8,74.25
32.9,22.4,3.3,76.5
33.7,21.5,5.3,81.25
32.3,21.4,4.0,88.75
34.2,22.0,5.2,81.25
31.5,21.3,3.3,82.5
32.2,19.7,6.4,80.0
36.2,20.2,9.3,73.75
34.8,20.5,5.4,76.25
34.0,20.2,7.0,81.0
36.6,21.7,8.8,68.0
31.8,22.4,1.1,91.0
34.2,20.8,6.7,74.5
35.1,21.9,8.4,72.25
36.0,22.1,7.0,70.5
36.1,22.9,7.4,74.0
32.0,21.2,2.2,84.75
33.1,20.9,7.5,79.25
34.2,22.8,6.0,76.75
32.7,22.4,2.3,82.5
28.5,21.8,0.6,90.0
33.4,22.0,4.5,79.5
33.1,22.0,2.3,85.75
25.5,21.7,NaN,95.25
34.0,21.1,3.8,88.25
32.2,21.5,1.0,92.25
31.7,21.0,5.5,83.75
33.2,21.8,4.6,80.0
33.2,21.9,3.1,82.5
35.2,20.6,9.6,70.5
35.3,21.5,9.1,73.25
34.2,20.8,7.3,78.5
34.2,21.5,6.3,81.0
31.9,21.7,3.2,83.5
31.7,21.8,2.5,90.5
30.9,22.2,2.8,83.0
34.0,21.9,7.7,79.25
35.6,23.0,6.8,79.75
34.6,22.6,2.6,86.0
30.5,21.2,0.6,87.75
32.9,20.7,3.3,78.75
33.1,22.5,1.8,90.5
32.9,22.1,4.9,81.5
33.6,21.9,6.9,78.5
34.1,21.3,7.9,81.0
35.1,20.4,8.7,77.75
37.3,21.3,10.5,66.5
33.1,20.5,4.9,82.5
34.0,21.7,6.7,82.25
36.1,21.0,10.0,76.75
33.9,21.5,6.6,82.5
35.0,22.3,5.5,82.25
35.1,19.7,9.7,75.75
37.1,22.1,9.4,71.75
36.2,22.2,10.8,69.0
33.4,22.0,5.9,83.75
34.4,21.3,4.5,91.5
34.9,20.7,8.8,80.75
33.1,22.1,4.2,84.0
34.7,21.6,6.1,79.0
30.3,23.1,1.6,87.75
29.0,22.0,0.1,94.75
30.1,21.3,0.3,83.0
32.6,20.8,4.5,85.0
35.7,22.1,6.4,79.25
34.7,22.7,4.7,81.5
30.8,22.4,0.5,90.5
35.2,21.7,8.3,77.5
29.2,22.4,NaN,90.25
33.1,22.1,4.5,82.0
32.2,22.8,4.0,82.5
32.2,21.8,2.1,85.75
31.8,22.1,3.3,84.5
31.8,21.9,5.0,87.75
29.1,22.8,0.9,89.0
29.1,23.2,1.0,92.75
33.3,23.1,3.3,84.25
32.8,22.5,2.4,85.0
30.9,21.8,2.2,93.25
32.3,21.8,5.8,84.25
32.1,22.8,3.6,81.0
32.7,22.4,4.0,86.25
31.8,22.1,0.6,83.5
32.0,22.6,2.8,91.75
31.8,22.1,1.5,85.0
32.7,22.4,3.7,87.25
30.3,22.2,NaN,89.0
28.5,21.7,0.3,87.75
29.6,22.1,1.4,86.25
27.9,21.2,NaN,90.75
28.5,21.1,0.4,90.25
31.3,21.8,2.9,90.0
33.8,20.8,7.2,85.0
30.7,22.4,1.2,92.0
31.5,22.4,2.5,90.25
30.3,22.1,0.6,93.75
33.1,21.6,4.2,83.75
32.5,21.7,2.8,88.5
32.2,21.2,3.8,89.25
31.1,22.1,3.2,87.0
29.0,21.5,0.4,89.75
34.0,21.0,5.2,84.25
31.8,23.2,5.3,86.0
28.5,22.6,NaN,91.75
26.0,21.9,NaN,94.0
28.9,21.4,0.4,87.75
28.0,20.9,NaN,94.25
30.5,20.9,0.8,91.5
32.2,20.7,3.2,84.5
31.7,21.7,4.1,86.25
31.8,21.9,3.1,88.0
34.1,22.1,7.0,78.75
28.0,22.7,0.1,95.0
30.5,22.0,1.1,87.0
32.8,21.1,4.0,86.75
32.1,22.2,3.5,85.5
32.2,22.2,0.1,87.5
33.4,22.1,4.3,88.0
30.5,21.7,1.1,86.5
29.2,22.1,NaN,94.25
27.9,22.2,NaN,94.25
33.0,21.7,3.5,84.0
32.1,22.4,3.9,84.25
33.7,21.0,4.5,89.0
35.1,21.0,9.3,76.25
34.3,22.5,3.9,84.25
32.7,22.6,1.9,87.75
33.1,22.9,3.8,82.75
33.2,21.7,3.2,85.75
32.3,21.7,4.6,87.25
31.9,20.5,1.1,87.5
32.2,20.9,3.1,84.0
32.9,22.4,3.6,85.75
35.5,21.2,9.6,77.0
35.8,22.5,8.6,76.25
36.4,21.8,9.1,74.25
35.3,22.1,8.2,73.25
31.9,21.6,1.8,83.25
35.0,22.3,5.9,76.0
34.2,22.2,5.1,88.75
32.9,22.1,6.8,83.0
34.3,21.1,8.2,80.0
30.1,21.1,1.2,88.75
35.0,22.5,3.3,82.25
31.0,22.9,1.9,87.5
33.0,22.3,1.9,86.5
34.0,22.9,7.1,82.75
35.0,21.3,8.1,73.25
34.1,22.5,4.9,79.25
33.5,21.9,5.8,82.0
31.9,21.5,3.9,90.5
33.4,21.4,6.4,80.25
29.3,21.4,0.6,89.5
34.0,20.7,8.4,80.5
34.9,21.2,7.0,76.75
35.5,21.5,8.4,75.25
33.3,23.1,4.5,81.25
33.2,21.1,4.4,81.0
35.5,21.9,7.9,80.25
33.9,21.4,6.3,87.0
35.7,21.6,7.0,78.5
31.5,20.3,2.5,87.75
34.0,22.6,5.7,84.5
34.6,23.4,5.9,81.0
35.0,21.8,5.9,81.75
33.5,21.7,4.6,86.75
30.3,22.9,1.5,90.25
30.2,21.3,1.8,90.25
32.4,21.9,4.6,85.5
31.5,22.1,3.6,89.25
33.2,21.4,7.0,81.75
31.3,22.4,1.2,88.25
32.8,21.5,5.0,82.5
27.1,21.8,8.8,79.75
35.5,20.5,9.5,75.5
34.4,21.0,5.2,86.25
35.5,21.5,8.5,79.5
35.2,22.5,8.6,76.0
34.0,22.4,2.8,82.25
34.9,21.6,4.6,82.25
34.7,22.9,4.7,80.75
31.6,21.7,3.4,87.25
31.7,20.5,5.0,84.0
33.9,21.7,5.4,81.25
34.8,20.6,9.2,78.75
34.8,20.8,9.3,74.0
33.6,21.3,5.1,83.25
34.9,20.3,8.5,79.0
35.4,20.1,9.5,75.25
34.7,21.9,7.2,74.0
35.1,21.6,9.0,74.25
30.5,19.3,3.6,78.25
31.0,18.3,6.0,76.5
30.9,18.7,4.0,81.25
32.3,18.7,2.6,81.0
31.4,20.6,2.7,79.75
34.2,22.2,7.4,76.25
33.4,22.1,1.2,79.25
34.7,20.7,5.3,86.5
32.5,21.9,6.8,78.5
26.5,20.8,NaN,87.5
31.1,18.7,5.4,85.25
33.3,20.0,7.8,78.5
33.2,20.6,7.5,77.75
34.5,21.5,7.6,74.75
34.1,20.7,9.6,76.5
35.1,21.0,9.5,73.75
35.4,19.3,7.8,70.75
34.9,19.0,8.8,73.25
34.8,19.8,9.0,70.0
35.4,18.5,8.6,71.25
28.0,20.0,2.7,82.25
31.5,15.8,9.2,77.0
32.3,16.7,9.5,73.5
34.4,17.4,7.2,72.5
34.4,20.0,8.6,69.5
34.1,19.7,7.8,71.25
33.6,21.3,5.1,83.25
34.9,20.3,8.5,79.0
34.6,20.5,7.9,69.75
32.1,18.3,7.8,76.0
31.1,17.4,5.0,76.5
33.5,17.0,8.9,67.25
32.7,16.7,9.5,58.5
34.7,16.1,9.1,65.5
34.8,17.8,8.9,68.5
34.5,18.7,8.1,70.0
34.4,17.3,8.0,68.5
28.9,16.4,7.5,73.25
30.2,16.7,7.1,77.5
32.8,13.3,9.2,65.5
33.4,15.4,9.4,62.5
33.9,14.8,7.8,64.75
33.4,15.9,8.4,67.5
34.7,15.7,9.4,64.75
31.8,17.7,1.4,75.25
32.5,15.9,4.4,73.5
33.8,17.2,8.5,68.75
33.6,17.1,5.8,67.25
33.7,16.1,9.0,66.0
34.2,14.0,8.7,67.75
34.0,15.7,6.7,64.25
33.8,16.3,7.5,66.5
34.3,16.6,9.1,62.75
34.9,16.3,9.4,60.0
35.5,16.8,9.1,60.25
35.0,18.8,8.1,64.25
35.0,17.7,9.2,61.0
34.6,16.9,8.9,65.25
35.1,16.7,7.2,63.25
35.0,17.3,8.4,63.75
34.8,18.3,4.9,65.75
35.2,19.7,7.9,61.25
35.0,16.9,7.1,66.25
34.5,18.8,6.5,64.25
33.5,19.8,8.0,72.5
35.6,18.8,7.1,71.75
29.4,20.3,2.9,82.75
33.7,17.1,8.6,74.25
34.1,20.1,4.4,73.25
33.7,NaN,7.2,75.25
33.8,19.2,8.6,73.75
33.9,17.6,8.5,62.75
33.9,17.4,9.4,65.5
33.3,17.0,8.1,71.75
33.9,16.5,9.2,71.0
33.7,16.4,8.9,66.0
33.9,17.8,9.4,64.5
34.8,15.8,9.8,56.5
33.9,15.9,9.7,59.75
32.5,15.5,9.7,67.0
32.5,13.2,9.9,61.75
32.9,13.1,9.8,61.5
32.6,13.7,9.7,63.5
33.4,14.3,9.5,61.5
32.8,14.7,9.9,57.75
33.0,13.8,9.8,56.25
32.5,14.0,9.4,64.75
24.8,15.5,8.4,59.25
36.1,16.3,9.1,60.25
37.1,17.0,9.9,56.75
36.2,18.1,9.0,58.0
34.3,15.7,9.9,54.25
33.3,13.8,9.9,46.5
34.1,13.6,9.9,51.25
31.8,13.1,9.5,65.5
34.3,14.0,9.8,55.0
36.2,14.9,9.9,53.0
37.0,16.2,9.8,50.5
35.4,16.5,8.2,51.0
34.8,16.6,6.5,56.5
34.7,11.7,9.5,52.5
24.5,14.3,9.1,58.5
36.4,15.4,9.7,52.0
36.0,15.4,8.1,56.0
37.3,15.3,9.5,48.75
37.2,14.8,8.1,48.25
38.1,18.1,4.8,55.75
38.1,19.1,5.6,56.25
38.3,16.5,8.4,53.75
37.8,16.2,5.4,64.5
37.1,17.5,4.3,64.25
38.7,19.8,6.0,61.5
36.5,21.8,6.0,60.75
36.0,20.5,3.3,62.75
37.2,20.2,4.3,67.0
38.4,19.9,6.4,55.5
39.3,21.2,8.0,47.75
38.2,21.2,6.0,61.5
36.4,19.5,7.4,67.0
36.6,21.1,7.2,61.0
37.4,18.0,9.7,53.5
37.0,17.2,8.1,51.75
38.3,16.0,8.8,49.0
38.0,16.1,6.4,45.75
37.9,15.9,6.6,45.5
38.2,16.1,NaN,51.0
38.9,15.7,5.9,50.5
38.0,16.1,6.0,49.25
38.8,15.1,6.9,46.25
30.2,18.6,6.7,59.75
32.0,13.1,7.3,63.75
37.8,16.4,5.0,55.25
37.3,20.2,0.4,61.0
32.7,22.4,1.0,68.5
36.0,18.8,1.7,63.25
38.9,18.9,5.0,58.75
33.7,21.8,NaN,70.75
37.6,20.9,4.1,63.25
38.0,20.9,3.5,60.75
38.1,21.7,0.3,59.75
37.3,20.8,7.7,70.5
37.8,21.1,0.5,66.25
37.8,22.2,6.2,66.5
38.0,23.3,4.9,59.25
38.0,22.5,5.4,64.5
38.1,19.1,6.7,59.0
36.1,22.5,NaN,74.0
33.1,19.6,0.4,76.0
37.4,21.0,6.7,63.0
34.8,20.2,4.3,75.0
27.8,21.7,0.4,90.75
36.9,18.8,9.3,66.5
37.5,21.8,7.7,66.0
37.3,22.6,4.3,68.25
35.9,22.8,4.0,68.5
36.8,22.5,5.3,70.0
34.0,21.4,4.2,74.75
35.5,21.1,5.5,76.5
34.8,22.2,5.7,79.5
34.2,22.1,4.6,75.75
34.4,21.9,2.9,83.5
34.2,21.7,7.0,75.5
34.3,22.2,3.7,76.75
36.2,22.4,7.0,66.5
35.8,22.6,5.7,66.0
31.6,21.1,3.0,85.5
36.9,20.7,7.8,67.0
34.2,23.1,5.6,73.75
36.5,22.5,4.7,71.5
30.1,22.1,NaN,83.75
33.5,22.0,1.6,81.25
33.6,21.7,3.6,86.75
33.0,21.7,4.8,79.5
34.5,21.8,2.7,81.0
28.1,20.7,0.1,87.25
33.0,20.3,4.6,79.25
35.2,21.0,7.7,71.0
33.0,21.2,4.8,80.75
34.9,19.9,9.8,74.0
36.7,22.5,9.4,71.25
36.0,22.5,3.8,81.75
35.3,21.0,5.6,76.5
35.0,21.8,6.5,75.5
36.1,22.3,7.4,66.75
31.8,21.8,2.7,79.25
34.4,21.9,5.4,79.75
27.2,22.4,NaN,89.25
32.4,20.3,3.2,91.5
34.3,20.7,6.1,76.25
26.6,20.8,NaN,91.75
31.6,20.3,3.4,86.25
33.0,20.3,4.9,80.75
30.6,21.7,0.7,91.75
28.2,21.4,1.1,87.0
33.1,22.3,2.8,86.0
35.9,22.0,8.5,73.75
31.7,23.5,1.2,80.25
34.0,21.4,5.2,73.0
34.3,21.8,5.9,71.75
35.1,21.5,8.3,76.5
35.1,21.5,7.8,74.0
36.4,22.2,8.3,71.5
36.9,22.5,9.7,67.25
37.1,21.9,9.2,67.75
34.9,22.4,4.7,72.0
33.7,22.7,7.0,73.0
34.6,22.9,6.8,70.5
34.4,22.4,5.8,81.75
33.2,23.1,2.9,87.25
28.9,21.1,0.6,89.75
32.6,22.3,1.6,81.0
33.2,23.7,4.7,79.25
33.1,20.7,7.2,76.5
36.0,21.8,7.6,72.75
36.1,21.6,6.1,74.75
33.9,20.7,2.3,82.5
34.6,21.7,8.2,77.75
35.1,21.7,6.2,78.75
31.3,21.2,3.4,85.5
31.0,22.3,2.4,85.75
34.9,22.1,4.2,82.75
31.9,22.0,4.9,92.0
35.3,21.1,9.5,78.5
33.0,22.7,3.7,88.25
34.5,21.3,7.8,79.25
33.0,21.4,6.1,82.75
32.4,21.2,3.7,84.0
34.0,22.1,8.5,79.5
31.6,21.8,0.3,88.5
30.2,20.9,3.5,89.5
32.2,21.8,4.2,80.75
31.5,21.9,4.6,53.75
28.2,23.1,NaN,88.75
31.7,21.8,1.4,85.75
31.4,22.7,1.5,84.0
32.7,22.4,2.4,80.5
33.6,21.3,3.5,83.75
34.3,20.8,3.0,83.5
32.3,21.5,4.7,87.0
33.9,21.6,6.7,83.25
33.9,22.4,5.3,83.0
30.3,21.3,1.2,92.0
31.6,21.4,4.1,87.25
31.5,22.3,2.7,88.75
27.2,21.8,NaN,91.75
33.6,21.5,4.6,85.0
34.8,22.4,5.6,81.5
35.7,20.9,6.5,80.0
30.8,21.8,0.1,93.5
33.7,21.6,6.3,81.0
34.9,22.5,7.2,81.25
32.4,22.6,4.3,86.75
30.4,22.1,NaN,91.25
32.2,22.6,4.4,88.25
32.6,22.6,0.7,85.75
29.9,22.0,1.0,91.5
32.7,22.0,2.0,84.5
31.3,22.6,0.3,83.5
30.6,21.7,0.5,87.0
31.6,21.5,5.5,85.25
32.1,22.6,1.8,83.75
30.4,22.3,1.5,88.5
31.1,21.9,0.8,92.25
29.0,21.4,0.4,94.25
29.9,20.7,NaN,88.5
30.6,20.4,0.7,91.0
34.4,20.4,7.7,81.25
32.3,22.7,3.6,87.75
33.7,21.6,5.0,82.0
34.4,22.2,8.3,83.75
33.1,22.6,5.7,86.0
33.3,21.3,5.2,83.5
26.1,20.4,NaN,93.5
31.5,20.7,3.2,85.5
31.7,21.5,1.5,84.0
35.1,20.6,8.5,82.5
35.6,20.8,9.7,74.25
34.8,22.5,5.3,81.75
36.6,22.0,9.8,74.75
34.3,22.9,4.2,79.25
32.2,23.5,3.5,85.25
34.8,22.4,8.6,77.0
33.2,23.3,3.5,84.75
32.1,22.8,1.6,82.0
33.9,22.3,4.7,78.0
33.5,22.2,3.5,83.5
30.7,22.8,0.1,85.75
32.9,22.0,3.8,83.25
35.4,22.3,7.3,81.75
31.3,22.6,0.5,87.75
33.9,22.6,3.6,85.5
34.7,22.7,5.8,81.25
35.5,22.5,5.5,78.25
34.7,22.8,NaN,82.75
34.1,22.6,9.0,77.25
35.6,23.7,6.6,82.75
35.2,22.3,8.8,77.25
33.8,23.9,3.9,85.25
31.4,23.3,0.9,86.5
34.8,22.7,5.4,79.5
31.8,22.4,2.7,95.5
33.7,22.7,5.1,83.5
32.1,22.6,4.3,89.25
34.3,23.2,4.1,84.5
28.0,23.1,NaN,94.0
31.2,21.4,1.0,89.5
30.6,22.1,2.2,88.75
31.1,22.2,0.8,91.25
33.9,21.6,9.4,80.75
30.5,22.8,1.2,93.25
34.8,20.3,9.5,81.75
32.7,23.0,1.3,87.25
27.6,21.9,NaN,89.25
32.7,21.3,2.9,89.0
34.1,22.0,5.3,86.5
30.0,22.4,0.4,92.5
31.8,22.4,3.4,87.75
27.1,22.0,NaN,93.0
30.3,21.5,2.8,90.5
30.4,21.4,1.7,88.0
31.9,21.3,2.2,88.25
34.3,22.0,5.3,85.5
31.9,22.1,2.0,89.25
33.9,21.0,5.7,85.25
32.4,21.8,2.9,95.75
33.2,21.7,3.6,88.25
34.3,21.0,5.0,83.25
31.8,22.3,2.2,88.75
31.2,21.4,1.6,86.75
31.7,22.0,1.6,87.75
33.2,22.3,3.6,90.25
33.2,21.6,4.8,87.5
34.1,22.2,4.5,87.0
35.2,22.4,9.1,81.0
33.8,22.6,7.2,82.0
34.9,21.7,8.4,77.75
35.5,20.5,8.2,74.5
35.7,20.9,9.7,76.5
36.2,21.6,9.5,75.0
36.5,21.7,9.2,74.0
34.9,20.5,8.8,76.0
36.3,20.4,9.9,71.5
35.6,20.2,8.9,73.0
37.0,20.8,9.3,71.75
35.4,21.4,9.8,71.75
35.3,19.3,5.0,73.25
36.7,20.8,6.2,75.25
36.2,22.2,6.6,73.5
34.9,22.6,2.9,82.25
32.7,21.4,3.6,80.75
35.1,21.6,6.2,76.25
34.5,22.6,3.6,83.25
34.5,22.0,4.0,76.0
35.8,22.2,4.7,82.0
33.9,21.8,4.9,87.75
24.7,20.1,0.2,88.5
31.1,16.9,5.1,80.0
34.1,17.5,9.1,76.5
31.9,19.5,6.0,85.75
30.2,20.3,0.8,84.5
33.5,20.1,9.3,81.0
32.2,21.4,4.0,85.0
33.1,20.0,6.3,78.75
31.8,21.0,2.2,83.75
34.3,20.0,9.5,78.75
34.0,19.0,9.5,73.75
34.4,16.3,9.6,73.5
33.7,15.6,7.9,72.0
33.6,20.4,4.4,77.5
34.1,21.3,4.0,80.75
34.3,20.8,8.2,79.5
34.8,20.4,9.1,72.0
34.4,19.3,9.3,73.75
35.3,19.8,9.4,71.25
35.5,19.9,9.2,72.25
34.8,18.9,9.1,72.75
34.9,18.3,9.5,75.75
35.2,17.6,8.1,75.25
35.3,17.8,8.0,72.5
33.3,16.8,3.2,76.0
34.7,17.6,7.9,75.25
35.0,18.7,5.2,78.5
34.5,19.1,7.9,76.0
35.2,21.1,8.9,76.0
34.3,20.9,7.1,77.75
33.3,19.8,5.6,84.0
34.0,21.6,4.5,79.5
34.7,20.5,8.9,74.75
33.6,20.3,7.4,74.0
34.2,18.5,9.2,71.25
33.7,17.7,7.2,71.0
31.4,19.4,1.7,79.5
34.7,17.9,9.5,71.0
34.5,18.7,9.4,70.0
33.8,17.5,9.5,71.5
34.1,16.3,9.4,69.75
34.7,17.3,9.3,71.0
34.4,17.1,9.3,67.75
35.7,16.8,9.4,68.75
35.3,17.6,9.5,69.75
35.4,16.6,9.4,68.0
34.9,18.1,8.7,69.0
35.4,17.0,9.4,67.5
34.9,16.3,9.2,71.0
34.8,16.9,9.2,70.5
34.8,17.6,9.4,66.0
36.4,17.7,9.0,65.25
36.6,17.8,8.8,66.75
36.0,19.0,8.6,66.0
36.7,19.5,8.8,68.0
36.1,18.8,7.5,70.5
33.6,20.0,8.6,72.75
33.3,18.9,8.9,73.25
30.6,20.7,0.9,78.5
33.6,19.4,9.0,72.25
34.0,17.4,9.3,65.5
34.5,16.7,9.0,64.25
33.0,18.9,2.5,69.75
32.3,21.0,NaN,75.5
34.8,20.9,9.0,70.75
34.7,18.9,9.3,70.5
33.4,16.7,9.3,62.0
34.7,15.2,9.7,63.0
35.6,16.5,9.1,66.0
35.9,17.1,9.2,64.5
35.8,20.0,9.5,63.0
31.9,20.5,8.6,69.0
31.9,14.9,9.5,71.5
33.5,15.5,9.6,61.0
33.5,13.7,9.4,57.25
32.5,16.0,9.3,61.0
32.9,14.9,8.7,57.25
33.2,12.8,9.0,57.5
34.3,14.5,9.7,61.0
35.4,NaN,9.6,60.25
35.1,17.3,8.4,62.25
35.3,17.2,9.7,59.5
36.7,15.1,9.6,58.75
35.6,16.8,9.6,57.0
32.0,14.7,9.7,70.5
34.9,14.6,9.7,63.0
37.0,16.1,9.7,61.0
38.6,18.1,9.3,57.75
36.5,19.9,9.7,59.25
35.4,17.9,9.6,60.75
35.3,17.5,9.1,60.25
35.2,18.3,9.8,59.5
35.9,16.0,9.8,55.25
36.4,16.0,9.6,50.75
35.8,15.3,9.5,54.25
36.0,14.1,9.7,51.0
35.4,14.3,10.0,50.25
36.1,14.5,9.8,56.25
36.0,17.3,9.7,51.75
34.9,15.2,9.9,48.5
36.4,14.8,10.0,52.0
36.8,16.5,9.6,49.25
36.5,20.6,9.1,54.75
35.1,16.7,8.2,54.0
35.2,15.1,9.9,43.5
27.9,12.7,8.6,60.0
32.9,12.0,8.7,59.25
34.9,11.8,9.4,53.5
37.0,13.5,9.8,49.5
37.4,14.5,9.7,46.0
38.3,14.5,9.7,46.5
38.8,16.8,9.4,48.0
38.2,18.2,9.7,49.25
39.1,17.3,8.9,49.25
38.0,18.1,9.5,51.0
37.8,20.2,9.7,50.75
37.4,19.8,8.4,54.75
38.3,18.4,8.8,51.75
37.3,21.8,2.9,52.5
38.0,17.8,9.2,51.25
37.9,18.1,6.2,56.25
37.8,21.3,8.0,58.25
37.8,17.1,5.6,58.75
38.9,17.0,6.4,58.75
38.5,18.1,7.1,58.25
36.2,19.9,1.0,61.25
37.9,20.1,6.4,61.75
39.1,20.1,7.7,60.0
33.8,21.1,6.0,59.75
30.9,15.7,7.4,56.5
37.9,15.3,9.2,58.0
37.4,18.8,7.1,61.5
36.7,20.5,NaN,63.25
38.9,21.1,5.6,58.5
37.7,20.1,4.2,56.25
37.5,22.4,5.7,60.25
37.1,21.9,4.0,83.75
37.9,21.3,4.5,69.5
38.9,20.0,8.3,55.0
33.6,20.5,6.7,67.25
30.7,16.0,6.1,63.25
36.0,13.9,8.9,55.0
40.1,17.3,8.7,50.25
38.5,21.9,7.2,44.5
37.7,21.3,7.0,48.0
36.3,18.9,1.4,53.0
39.2,19.7,7.2,54.0
39.9,19.9,1.9,54.0
39.5,20.0,NaN,58.25
35.5,21.9,NaN,67.5
36.5,22.6,NaN,63.0
33.5,21.9,3.6,78.0
35.3,21.8,NaN,71.25
28.7,21.4,NaN,86.0
33.0,21.3,2.6,76.0
38.2,21.0,7.8,65.0
28.0,20.7,NaN,95.75
34.9,20.0,4.9,77.75
37.6,21.0,8.2,66.75
39.0,21.4,9.1,62.25
39.5,22.2,8.9,59.0
36.7,23.2,4.8,74.75
36.9,20.6,7.0,71.75
36.9,21.3,8.6,72.0
37.6,21.7,9.2,63.75
37.5,21.2,6.6,68.5
37.9,23.1,7.9,61.5
38.6,22.6,8.7,60.5
38.3,21.1,4.4,64.25
36.9,22.7,5.1,63.75
32.8,21.4,2.4,78.5
36.2,21.4,4.7,77.25
35.8,21.0,6.3,75.0
37.5,22.3,8.9,65.5
37.1,22.2,9.0,64.25
35.1,22.1,5.5,75.5
35.5,20.6,5.9,72.25
36.7,21.3,7.9,70.0
34.0,22.5,3.8,76.5
35.4,23.1,4.9,68.75
31.1,22.3,1.4,81.75
36.5,20.6,8.0,70.75
36.6,21.8,8.9,72.0
34.5,22.6,5.5,73.0
38.1,21.5,8.9,61.5
37.7,22.7,7.7,64.0
36.1,22.8,5.3,73.0
29.1,21.2,2.1,88.75
35.1,21.1,7.4,72.25
35.6,NaN,8.0,72.0
34.5,23.0,4.7,75.5
35.5,23.6,5.7,69.5
37.1,21.3,8.7,69.0
35.1,21.3,6.2,77.0
37.7,21.5,8.5,65.75
34.1,22.0,4.1,77.75
34.7,22.7,5.1,81.0
37.4,21.2,9.3,70.25
35.8,NaN,3.4,80.5
35.6,20.1,7.3,66.75
33.0,21.8,2.9,72.75
35.9,21.9,7.7,79.5
32.1,23.0,1.7,90.75
34.2,22.2,4.3,76.5
31.9,22.7,3.1,84.0
32.9,22.0,5.7,79.25
32.8,24.0,0.2,84.0
33.6,22.7,2.8,78.75
34.8,22.2,4.6,79.25
35.2,21.8,2.1,79.25
34.1,21.7,2.3,81.75
35.7,22.3,4.7,74.5
34.3,22.5,1.9,80.75
27.5,22.6,0.2,90.0
31.5,21.3,2.7,85.0
27.1,21.9,0.5,95.25
33.0,21.9,2.8,87.5
29.7,22.7,1.2,88.0
27.5,21.2,NaN,95.75
34.5,21.4,6.7,77.75
33.5,22.1,4.5,83.75
33.7,22.4,3.1,82.0
34.9,21.0,5.3,76.5
35.1,22.4,8.4,69.75
30.3,21.3,NaN,94.0
29.0,21.0,1.0,90.5
24.8,22.0,NaN,94.25
32.9,21.3,3.9,81.0
33.2,22.5,3.1,84.0
31.6,22.9,1.4,88.25
27.5,22.0,0.2,91.0
29.0,21.9,0.5,85.5
25.3,21.3,NaN,71.25
31.5,20.6,3.0,87.25
27.0,22.1,0.3,88.0
29.3,20.9,0.9,95.0
30.3,20.6,0.3,85.25
34.8,20.4,8.2,74.75
32.7,21.5,4.4,80.75
34.5,21.9,7.9,81.75
35.2,22.0,8.5,76.75
33.7,22.1,4.8,81.75
33.7,21.1,2.3,80.75
32.9,21.4,5.0,83.0
33.4,21.8,2.5,90.5
30.6,21.7,2.6,87.0
33.8,20.7,5.7,84.0
28.5,21.8,NaN,90.5
28.5,21.9,0.4,93.75
25.9,20.2,NaN,95.25
30.5,20.2,0.8,87.0
29.7,21.2,1.1,91.25
31.0,21.2,2.3,87.5
27.5,20.5,NaN,90.25
27.3,20.3,NaN,93.25
30.1,20.7,2.0,90.75
32.8,21.6,6.4,79.25
32.4,21.8,2.8,84.0
32.1,21.3,3.3,83.0
30.0,21.6,0.5,85.5
31.5,21.9,4.2,86.25
29.1,21.0,NaN,94.75
34.0,19.9,3.7,81.75
35.7,20.9,10.4,74.25
37.6,20.1,9.6,69.25
34.6,21.9,6.1,81.5
36.6,20.9,6.5,75.75
35.3,22.3,4.7,78.75
35.5,21.0,9.7,77.5
36.7,21.0,7.9,72.75
35.8,20.9,7.1,81.25
35.9,20.1,9.0,78.75
36.5,21.6,8.9,81.25
37.5,23.1,10.5,74.25
37.7,22.2,9.4,80.5
37.1,20.7,7.7,80.25
35.1,21.7,3.2,78.5
34.2,21.5,3.3,83.5
35.8,22.5,3.4,76.75
27.6,22.6,NaN,93.25
35.3,21.6,7.4,78.75
34.4,21.6,7.2,78.5
34.5,21.6,5.5,86.0
33.4,21.6,4.4,85.0
34.0,22.1,4.6,80.75
32.6,21.0,2.5,90.0
32.6,21.1,0.8,91.0
34.0,22.9,4.2,86.0
30.6,22.8,0.2,93.5
27.7,22.6,NaN,92.5
33.6,22.4,2.7,83.0
30.9,22.5,1.1,84.75
27.5,21.1,NaN,92.25
30.9,21.5,0.6,93.25
34.2,21.2,NaN,84.0
32.4,22.6,5.9,83.25
33.7,21.5,5.6,59.0
35.3,21.7,6.1,78.0
34.7,21.0,5.7,83.75
36.3,22.1,8.0,79.5
34.2,22.1,4.3,86.5
32.6,21.7,2.1,87.5
34.6,21.4,8.3,77.75
33.4,22.3,5.9,83.25
34.6,21.4,4.9,81.25
34.3,22.0,4.7,84.0
33.3,21.8,4.0,83.5
34.5,22.8,4.3,85.0
30.0,22.1,NaN,91.75
34.3,21.4,5.9,81.75
35.9,22.1,7.2,75.75
35.8,22.9,8.5,78.5
35.2,21.9,7.0,79.25
35.2,22.1,4.5,84.0
34.8,22.4,4.9,79.5
33.1,23.1,3.1,83.25
31.3,21.9,1.7,84.0
30.5,22.1,2.5,85.75
31.7,22.2,1.1,84.5
31.3,22.7,4.5,85.5
33.9,19.7,6.2,79.5
29.0,21.5,0.1,84.25
33.2,21.5,3.3,83.75
31.8,21.9,0.2,95.0
32.6,20.7,4.9,85.75
33.2,20.9,5.6,83.5
30.0,22.3,0.2,95.5
33.3,21.4,2.7,84.5
31.7,21.7,1.2,87.0
34.9,21.2,6.9,80.75
35.7,22.2,8.1,81.25
35.8,21.3,8.4,79.5
36.3,21.3,9.3,75.75
33.3,22.8,5.9,82.0
36.1,20.8,8.7,74.75
34.7,21.4,6.2,80.75
32.7,22.8,2.7,83.0
30.9,22.4,1.1,86.0
29.0,21.8,0.1,93.0
31.5,22.3,1.0,91.75
35.9,21.8,4.6,85.75
31.1,22.1,0.5,95.5
29.9,21.7,2.0,92.0
33.4,20.9,5.4,86.0
33.3,21.8,3.0,86.25
35.6,21.2,8.6,80.25
33.4,22.1,4.4,87.75
32.4,21.4,2.6,87.25
29.0,23.0,0.2,88.75
32.0,22.5,3.5,81.5
33.3,21.5,3.4,87.5
30.0,20.8,1.9,93.25
33.4,20.6,6.2,86.25
35.3,21.9,7.4,80.5
33.6,21.9,2.3,92.25
31.7,21.7,3.4,86.0
29.8,22.2,0.4,86.0
31.3,21.1,2.3,86.25
34.2,20.3,5.4,81.0
33.7,19.7,6.6,78.25
33.9,20.0,8.1,82.0
35.6,19.8,9.3,79.25
35.5,20.0,9.5,78.25
34.6,18.9,9.2,75.75
35.6,19.1,7.0,75.75
31.3,21.0,NaN,82.0
35.4,19.0,9.2,75.75
36.3,19.2,9.6,72.25
35.1,21.1,6.2,79.5
35.7,21.2,8.9,71.75
35.7,20.9,9.3,93.0
32.3,21.4,4.0,74.0
32.8,19.1,9.5,74.0
34.1,16.5,9.5,64.75
34.7,17.5,6.6,71.5
35.1,18.1,9.7,71.0
33.0,16.9,6.8,70.75
33.3,17.4,9.4,64.75
33.1,16.6,9.9,66.75
30.7,16.0,4.3,73.25
32.0,15.2,9.7,67.25
32.3,14.6,9.6,68.25
34.5,14.0,9.7,63.5
34.0,16.5,9.7,65.0
35.1,18.5,9.8,69.0
36.1,19.4,9.5,71.5
34.9,19.5,9.3,64.5
34.4,16.4,8.1,69.75
34.0,17.8,6.3,68.5
33.2,20.8,5.4,74.75
32.1,21.5,5.2,79.75
31.4,19.7,3.0,78.0
31.0,20.2,4.3,78.5
31.8,18.8,6.4,79.0
34.4,18.4,8.1,75.0
35.7,19.5,9.4,69.25
35.4,18.7,9.4,69.5
34.7,19.3,9.3,68.25
35.4,17.8,9.5,64.5
36.0,17.7,9.4,69.75
35.7,19.8,9.0,69.0
35.1,19.1,9.3,67.0
34.4,16.5,9.5,65.75
34.2,16.2,8.3,68.0
34.1,16.5,9.2,64.5
33.7,14.8,9.0,66.0
34.4,15.3,9.4,67.5
34.5,14.9,9.0,67.0
35.3,15.7,9.2,64.0
35.5,15.9,8.7,65.25
35.4,16.7,8.7,66.0
34.0,15.6,8.0,65.25
33.5,14.0,9.1,63.75
35.3,14.5,9.3,62.0
35.3,16.1,9.4,66.0
34.6,17.7,9.6,61.75
34.8,17.5,9.6,63.0
34.7,15.4,9.4,61.5
35.5,16.9,9.2,64.0
35.2,17.8,9.0,62.25
34.2,15.5,9.1,64.0
34.2,14.4,9.3,63.75
33.6,14.7,9.4,62.75
34.9,14.7,9.4,61.75
34.7,16.1,9.5,64.0
34.4,16.0,9.5,63.25
36.4,16.4,9.3,66.0
35.6,16.4,9.1,69.75
35.6,19.0,9.5,64.5
36.5,17.4,9.2,60.25
36.7,17.6,9.3,59.5
34.8,18.0,9.4,64.75
32.2,16.5,7.7,66.5
29.2,17.4,0.3,79.0
32.7,16.7,9.4,65.5
32.0,16.3,6.4,73.5
35.2,16.1,9.0,64.75
34.9,16.0,9.6,66.75
35.2,16.8,9.3,62.5
37.1,18.1,9.3,65.75
35.4,17.3,8.7,63.5
36.4,17.6,9.5,61.25
36.4,17.5,9.6,55.25
35.3,16.8,9.5,60.75
33.9,14.9,9.4,64.5
33.9,15.9,8.8,64.75
32.9,12.9,9.4,56.5
34.5,12.0,9.7,56.0
36.1,14.8,9.3,57.25
36.2,15.3,9.3,53.5
35.0,13.3,9.7,52.5
36.1,13.1,9.7,54.5
36.7,15.9,9.7,54.25
37.2,17.5,9.6,52.75
35.4,15.6,9.6,49.75
35.3,13.1,9.6,55.0
37.1,16.2,9.8,61.5
37.9,17.7,9.5,57.25
38.7,17.9,9.7,55.0
38.2,17.1,9.4,55.0
33.8,17.7,6.9,64.75
36.7,14.9,9.0,61.0
36.7,15.9,9.2,60.0
37.3,17.4,9.6,57.5
37.5,19.0,9.6,56.5
38.4,17.9,9.1,59.75
36.7,16.9,9.4,56.75
36.4,16.9,9.6,51.5
36.0,15.4,9.7,52.0
36.5,15.8,9.8,52.5
36.2,14.5,9.8,50.0
37.4,15.7,9.3,56.25
38.3,17.7,9.7,55.25
38.4,17.6,9.8,49.5
37.7,18.0,9.8,47.5
38.4,16.0,9.7,51.0
38.0,17.1,9.6,53.0
37.4,19.7,9.7,48.0
37.9,16.1,9.8,48.5
38.0,17.3,7.0,54.25
36.2,17.9,5.5,63.25
37.5,17.2,7.5,58.25
36.8,20.2,9.0,55.75
37.9,18.3,9.6,50.5
36.8,17.3,6.9,50.5
37.6,17.9,8.0,58.25
37.3,18.7,7.6,58.0
37.5,18.7,7.7,57.5
37.0,18.0,6.6,60.75
38.4,19.8,6.7,55.0
36.5,22.9,5.8,65.0
39.7,21.0,7.9,58.0
37.4,21.9,5.9,67.0
35.8,21.6,5.0,71.75
37.1,22.1,4.0,75.75
35.4,20.3,5.7,73.75
33.6,20.9,8.2,57.75
31.6,15.4,8.0,54.75
36.8,15.1,7.8,53.0
38.3,17.6,8.9,51.5
36.1,20.1,7.8,63.25
37.6,21.3,6.0,61.25
37.3,19.9,8.4,55.0
38.5,18.9,8.6,56.0
39.0,19.1,7.8,50.25
38.5,18.5,6.4,51.0
37.9,19.0,3.0,62.25
38.4,21.7,4.8,62.0
39.6,20.8,6.3,56.5
40.2,19.3,7.6,51.0
39.1,20.2,2.7,62.5
37.4,21.7,1.8,61.25
37.7,23.5,3.0,70.5
25.3,20.6,NaN,92.0
33.6,20.4,2.1,80.75
37.9,20.4,6.4,72.5
35.9,21.0,7.7,70.75
34.9,20.9,2.2,86.75
38.9,21.1,9.0,64.25
28.6,21.5,NaN,90.5
33.6,21.7,5.2,80.0
36.1,22.9,5.0,76.75
37.3,22.4,7.2,68.25
36.8,23.2,7.0,66.5
33.5,21.4,3.9,84.25
34.8,21.4,5.0,77.0
37.5,22.5,7.3,68.75
37.0,21.9,9.2,70.75
33.4,22.1,2.2,82.25
34.1,22.6,2.2,80.5
32.5,21.3,0.9,83.0
36.4,20.9,7.4,74.5
31.8,22.9,2.2,78.25
33.8,21.7,1.9,80.25
34.7,22.1,2.1,81.5
28.0,21.8,NaN,93.0
30.5,21.1,NaN,89.5
35.1,20.5,5.5,80.5
35.4,21.4,6.1,77.25
34.7,23.2,3.8,79.25
33.0,21.3,5.6,82.0
32.0,22.8,1.9,80.5
33.7,21.0,1.3,83.0
34.8,20.5,3.3,80.25
35.3,21.6,5.5,81.25
36.4,21.1,4.1,83.25
33.5,22.5,6.6,83.75
34.0,22.5,3.6,81.25
33.3,22.4,8.1,74.25
35.4,22.8,7.7,76.5
35.3,22.9,4.3,83.25
35.5,21.0,6.7,73.75
32.3,21.5,1.5,89.0
33.9,21.3,5.3,78.25
35.2,21.3,9.9,74.5
30.3,21.8,0.5,85.5
34.7,22.5,2.8,82.75
34.4,21.7,2.2,87.0
36.7,21.6,6.0,82.5
34.8,23.1,4.8,80.0
32.0,22.5,0.9,83.0
35.1,21.4,2.7,84.25
33.2,22.1,2.4,91.0
31.5,22.1,2.4,85.0
33.6,20.0,3.5,80.0
34.2,20.4,6.4,72.25
35.1,19.5,9.5,66.25
33.6,19.9,6.1,77.0
34.9,21.8,8.7,67.75
35.9,20.5,10.7,67.75
38.4,20.2,10.0,62.75
37.6,22.0,8.5,70.0
37.7,21.8,7.7,68.0
30.0,22.4,1.7,85.0
37.3,18.9,9.1,72.75
34.0,21.2,6.0,85.25
34.1,19.7,8.2,73.75
34.2,22.7,5.4,78.25
34.7,21.2,6.8,72.25
36.3,23.6,4.9,76.5
28.3,22.6,0.1,91.5
33.8,21.7,4.7,81.0
32.4,22.9,1.9,88.75
36.5,22.1,7.0,72.25
30.7,22.5,0.6,88.25
30.2,23.1,0.5,86.25
31.9,22.3,1.2,85.0
33.6,23.2,1.8,80.5
28.2,21.7,NaN,90.5
36.2,21.4,6.1,82.0
34.4,21.5,2.8,81.5
25.9,21.0,NaN,92.0
31.3,20.5,0.7,81.75
35.1,23.2,4.8,76.0
31.9,21.7,2.8,86.25
30.6,22.5,0.3,88.5
29.8,21.1,0.1,91.25
30.6,21.9,NaN,87.75
30.3,21.3,3.0,86.25
35.4,21.5,5.1,79.75
33.8,22.4,6.4,81.25
33.5,22.8,2.8,84.25
28.9,21.2,2.5,86.5
35.5,19.0,8.1,76.5
34.1,22.0,4.7,84.5
34.3,21.4,3.0,86.75
32.5,20.9,4.7,89.5
32.9,19.1,5.4,84.75
37.5,20.7,9.6,73.75
28.7,21.6,0.2,84.0
35.1,20.7,6.9,80.75
33.7,20.3,6.4,85.5
30.5,22.8,1.7,87.0
35.6,22.1,8.2,76.75
33.9,21.6,4.2,80.0
34.2,23.1,7.8,80.75
33.9,22.1,5.9,81.0
33.8,21.6,4.4,82.75
34.1,21.2,3.6,84.75
33.3,20.8,2.8,86.25
30.8,21.3,1.7,87.75
30.2,21.7,2.6,89.0
34.1,22.3,5.2,83.25
35.5,22.9,5.8,82.25
33.8,21.4,6.1,80.5
33.3,22.6,3.9,82.25
36.6,20.3,9.9,71.75
34.3,22.8,5.5,81.5
31.4,22.9,0.8,83.75
30.6,22.1,2.5,91.75
33.5,22.4,1.9,89.75
35.2,22.6,6.4,81.0
36.6,22.2,8.7,77.25
36.4,22.5,7.6,79.25
33.8,22.5,5.0,86.75
36.0,21.4,9.0,76.25
37.7,22.5,9.8,76.25
36.2,22.0,7.5,80.5
33.1,23.2,2.5,93.0
31.4,22.3,1.3,87.25
32.1,22.4,2.8,83.0
31.7,21.4,2.5,87.5
32.5,22.2,3.7,85.25
28.7,22.8,NaN,89.25
33.5,21.9,2.3,84.0
32.1,21.9,2.0,87.25
31.0,22.3,0.5,63.25
30.2,21.9,0.2,91.25
31.6,22.0,3.9,85.75
28.1,22.5,NaN,95.75
30.0,21.7,0.5,92.25
32.1,21.4,2.9,85.25
33.4,22.5,2.1,86.25
29.8,21.7,0.1,95.0
32.2,22.2,4.8,85.75
35.1,22.8,7.7,77.75
35.6,22.1,8.5,78.75
33.2,23.0,3.1,82.0
33.7,21.3,3.0,84.5
32.0,22.7,0.2,88.0
31.5,21.4,1.4,91.0
32.9,21.5,NaN,85.75
32.4,22.1,1.3,85.75
30.2,21.0,0.9,89.0
31.5,20.6,0.1,88.5
32.1,20.9,2.7,86.75
30.7,22.3,1.7,92.5
30.2,21.2,1.1,90.75
31.1,21.4,1.7,87.75
33.9,19.9,8.7,78.75
36.0,20.9,9.8,72.25
36.9,21.7,9.2,78.0
34.0,22.0,3.4,79.0
35.1,21.0,9.3,76.25
35.7,22.1,9.2,75.25
36.1,21.3,9.0,71.5
36.1,22.9,9.6,69.75
36.8,20.7,9.6,71.75
36.9,21.1,10.0,65.25
37.3,21.3,10.0,64.75
37.4,20.3,9.7,64.75
36.5,20.6,7.8,71.75
33.7,21.2,4.5,81.25
36.2,22.7,2.8,81.5
34.2,21.9,6.3,81.0
34.0,21.5,6.4,78.75
32.8,21.5,2.7,89.25
34.6,22.5,6.8,78.25
34.5,21.7,3.9,82.75
31.6,21.4,3.5,88.0
32.6,21.5,3.3,72.25
32.1,21.2,5.3,84.75
35.8,21.2,6.5,84.5
31.7,21.6,2.9,84.25
29.4,21.2,1.5,88.75
30.9,21.3,1.0,92.5
34.7,21.3,8.6,80.25
36.1,20.8,9.0,76.5
36.8,21.5,9.7,73.25
36.5,22.6,9.6,72.75
34.9,22.5,6.1,78.25
36.8,21.1,9.7,72.75
37.4,22.9,9.5,70.0
37.5,20.8,9.2,70.75
37.1,21.6,9.1,70.0
37.2,21.1,8.5,69.0
37.3,19.9,9.1,67.0
38.7,18.7,9.7,66.75
36.5,21.9,7.0,71.25
35.8,21.1,5.9,71.5
35.2,22.0,4.7,76.0
38.1,21.3,8.2,70.5
34.3,22.9,3.9,78.25
34.3,22.9,6.1,79.25
36.3,21.8,9.4,69.25
33.0,22.7,3.0,91.5
35.5,20.1,9.1,77.0
35.5,22.3,9.2,77.0
34.9,22.2,3.0,79.25
34.8,21.4,6.5,77.75
37.0,22.3,9.3,70.5
36.7,21.1,9.5,72.25
35.5,21.0,6.0,83.75
35.4,20.0,9.3,72.5
34.6,20.9,4.1,82.5
34.9,20.5,7.0,80.75
35.5,22.1,4.5,81.75
34.3,21.8,5.7,83.25
35.6,21.3,8.8,77.75
35.6,21.2,7.0,80.5
34.1,22.0,7.3,77.75
33.3,21.9,5.5,84.25
27.0,21.6,NaN,89.5
35.1,21.3,9.3,76.75
32.0,21.6,2.6,91.75
34.2,20.7,8.1,82.5
35.2,21.6,6.8,80.25
35.8,21.2,8.1,71.75
35.9,17.7,9.5,68.5
32.6,21.0,3.0,82.0
35.5,19.7,9.4,70.0
35.5,18.9,6.8,71.5
36.3,19.7,7.2,74.25
27.6,17.2,4.5,78.0
32.2,14.3,9.3,73.25
35.6,16.9,9.1,71.25
35.6,21.1,9.0,71.75
35.5,19.4,8.8,70.5
36.3,19.0,9.2,67.5
36.2,17.9,9.3,66.5
36.5,18.4,9.5,65.5
NaN,19.7,9.6,66.25
36.6,20.0,7.4,65.75
36.3,19.5,8.6,66.75
35.8,19.2,9.1,69.25
36.5,19.0,9.5,66.0
36.2,19.8,9.0,69.25
35.4,20.9,5.2,69.5
28.5,17.2,6.7,69.5
31.3,13.9,9.2,67.75
35.1,15.7,9.1,69.25
36.3,17.4,8.9,68.75
35.3,19.3,8.3,68.0
33.6,20.5,5.1,66.0
33.4,16.6,9.5,66.75
34.6,15.8,9.5,64.5
36.5,18.6,9.3,69.5
36.3,20.5,9.2,71.25
34.4,19.6,6.9,62.75
33.7,17.0,9.4,72.0
35.1,17.0,9.0,68.25
36.2,17.6,9.1,64.5
36.9,17.2,9.1,61.75
36.2,16.1,9.1,64.75
36.0,18.7,9.4,65.0
34.8,16.2,9.2,60.25
35.8,15.4,9.5,60.5
35.5,17.0,9.5,60.75
35.2,15.7,9.5,60.25
36.5,17.0,9.4,62.5
NaN,19.2,9.4,57.25
35.7,17.5,9.4,61.5
36.1,15.9,9.1,61.25
36.7,17.4,9.4,60.0
36.9,17.4,9.1,62.25
35.9,17.5,9.5,59.75
34.9,16.3,9.3,65.25
35.0,16.2,9.5,60.0
33.8,15.0,9.2,60.0
33.8,14.7,9.2,61.25
34.6,14.5,9.4,57.75
34.8,15.0,9.3,61.5
34.4,15.4,8.9,66.25
35.0,16.4,9.1,64.75
35.5,17.0,8.6,62.0
35.7,16.2,9.0,59.0
35.4,16.1,9.1,60.75
35.8,15.7,9.5,54.75
35.5,14.9,9.5,51.75
35.2,13.9,9.5,54.25
35.1,15.3,9.6,60.0
34.9,15.4,9.6,58.5
34.8,16.1,9.6,58.75
35.6,15.2,9.2,59.0
35.8,15.4,9.6,57.0
36.5,15.2,9.6,61.0
31.8,13.8,7.0,67.5
35.5,12.5,9.6,64.0
36.0,16.4,9.1,59.75
35.2,17.4,9.2,59.0
37.0,16.3,9.4,60.75
36.7,16.5,9.3,61.25
36.8,16.5,8.0,60.75
34.7,18.4,7.4,70.25
35.7,18.4,8.6,69.5
36.4,18.7,9.2,64.0
37.3,18.6,8.3,61.25
35.5,19.4,7.4,70.25
34.5,21.1,3.7,76.25
35.0,20.6,6.7,76.25
34.1,19.1,3.4,74.5
30.0,13.9,9.5,58.75
35.4,13.2,9.6,58.75
35.5,16.0,9.6,50.0
34.9,16.6,9.3,62.0
35.9,17.1,9.4,62.5
35.7,18.2,7.4,62.25
34.9,16.7,9.2,62.0
35.5,15.3,9.6,50.25
35.6,14.3,9.6,53.25
35.8,14.8,9.6,55.75
35.8,15.5,9.6,55.25
37.1,15.9,9.6,57.25
37.4,17.6,9.4,51.5
36.9,16.8,9.7,47.5
36.9,15.7,9.7,49.0
37.1,16.1,9.7,45.75
36.1,16.3,9.6,49.75
36.0,13.8,9.5,52.25
36.9,14.3,9.3,50.5
35.9,17.1,9.6,47.5
34.9,16.3,9.6,48.5
35.1,18.3,9.6,50.75
35.6,14.0,9.7,50.0
36.0,14.8,9.5,51.25
36.9,16.3,9.7,60.75
36.4,17.6,9.6,56.5
36.6,16.2,9.5,54.0
38.2,16.0,9.1,48.75
39.5,15.4,9.1,44.5
39.3,15.3,9.2,44.75
37.7,15.9,8.1,55.0
37.8,17.5,5.9,61.25
34.7,20.1,4.0,61.0
32.1,15.1,3.7,69.5
36.0,19.6,6.7,53.75
35.3,20.7,2.8,66.75
36.4,18.9,9.3,55.25
37.1,15.8,NaN,54.25
37.9,17.7,6.9,55.5
38.2,17.2,7.0,51.5
37.6,16.9,7.9,51.0
37.0,15.9,8.3,49.0
34.5,18.1,NaN,58.75
38.1,17.2,6.7,52.25
38.2,16.4,6.9,47.0
36.6,16.7,NaN,63.5
37.5,20.2,NaN,66.75
38.1,19.2,1.5,64.0
39.9,18.5,6.8,52.75
38.3,17.9,4.9,49.75
37.1,18.2,NaN,61.5
38.8,17.4,4.3,55.5
39.3,21.1,4.5,56.0
40.1,19.1,5.3,58.0
36.5,20.8,NaN,59.75
36.4,22.0,NaN,78.25
37.1,20.2,5.7,72.25
39.9,21.2,6.6,61.0
38.5,22.6,3.1,62.25
39.1,20.8,4.5,62.25
35.5,22.2,NaN,62.5
33.7,16.8,2.7,57.0
37.2,18.5,6.3,49.0
36.9,22.4,3.5,61.75
38.3,20.5,8.2,50.5
38.1,18.3,2.8,50.25
39.1,16.9,2.1,53.75
38.1,18.0,NaN,62.75
35.5,21.5,NaN,67.5
36.2,20.4,NaN,64.0
37.9,21.6,NaN,63.75
35.1,23.2,2.0,65.0
38.8,20.9,7.1,60.25
29.2,21.0,2.1,82.75
38.5,19.7,8.6,64.25
39.2,22.1,6.4,56.75
36.9,23.4,5.7,68.0
37.1,21.6,3.9,66.0
36.5,20.7,2.6,66.75
35.9,21.7,2.6,79.0
33.7,21.9,2.2,76.5
35.8,21.4,5.4,73.75
38.6,24.3,6.7,69.0
38.1,22.4,6.1,70.5
34.4,21.6,2.0,69.5
38.2,21.1,8.2,63.25
37.1,22.4,7.3,64.5
35.8,20.9,4.8,67.25
38.6,21.6,7.0,73.25
32.2,21.3,0.5,77.25
34.3,21.7,4.1,74.5
32.5,21.0,2.3,80.0
36.1,20.7,5.2,82.0
37.7,20.9,9.2,81.5
31.3,22.3,0.1,79.75
37.2,20.2,6.5,69.5
35.3,21.5,2.5,78.5
35.8,20.1,7.7,71.75
36.1,21.3,7.7,66.75
35.9,22.5,8.5,73.5
35.6,21.9,5.7,71.5
36.3,21.2,5.8,75.0
34.1,21.3,6.2,74.0
36.5,21.9,4.5,77.75
35.3,20.4,6.9,78.25
36.7,23.5,5.5,76.25
31.8,20.3,2.1,84.0
35.0,20.7,4.8,80.75
33.4,21.1,3.2,88.25
34.7,21.2,5.9,76.75
35.5,22.1,5.7,79.25
37.2,20.7,10.0,66.5
38.0,22.7,7.9,64.5
37.0,21.4,9.8,76.0
38.3,22.3,7.9,61.5
36.1,21.2,6.6,77.0
34.9,22.0,5.3,79.0
36.2,21.4,3.6,72.75
37.9,22.0,8.1,68.0
31.6,21.9,1.1,84.25
32.2,21.6,1.4,86.25
32.7,22.0,2.8,83.5
34.7,22.7,3.4,80.0
33.9,22.1,1.8,84.75
34.5,22.8,6.0,77.75
32.5,22.1,3.5,81.25
32.8,20.6,5.6,82.75
33.0,22.4,3.6,82.25
32.6,21.7,0.5,86.5
28.5,21.6,1.2,92.25
33.9,21.7,2.1,85.75
30.0,21.4,2.1,89.75
34.7,21.5,7.3,76.25
35.8,21.4,6.7,77.75
34.4,21.1,6.0,82.75
33.5,20.5,2.0,87.25
35.7,21.3,6.3,86.0
31.0,21.9,0.1,88.5
33.6,21.3,3.8,83.5
35.4,22.0,7.5,73.75
37.6,21.4,10.4,64.75
33.3,21.9,3.1,75.75
35.8,21.7,9.7,71.75
34.0,23.4,2.2,78.25
35.3,22.2,3.5,76.0
32.6,21.8,2.1,84.0
33.1,21.2,3.1,82.75
31.3,22.1,3.3,84.0
33.0,20.4,6.6,79.75
33.1,23.1,6.1,79.75
30.5,22.3,2.0,87.75
34.3,20.0,5.9,79.5
34.1,21.2,6.1,76.75
35.4,21.3,8.0,71.0
33.3,21.4,3.8,83.5
33.6,22.1,5.2,78.25
33.7,21.8,3.3,78.5
36.1,21.6,8.9,79.0
31.2,21.4,2.8,84.25
33.9,21.2,5.9,83.75
34.0,21.0,6.6,78.5
32.0,20.8,2.4,88.75
34.0,20.2,6.1,82.5
35.6,20.5,9.0,73.25
34.3,21.6,7.0,77.75
35.1,21.6,NaN,85.75
33.7,21.1,3.4,84.75
34.3,21.7,5.6,80.25
32.3,21.7,2.3,84.5
33.5,21.6,4.4,81.0
32.1,21.7,2.8,84.5
34.9,21.1,5.9,78.0
31.0,20.9,2.5,93.0
30.4,20.7,0.9,83.5
26.7,21.5,0.7,94.25
32.8,20.5,7.6,82.0
33.3,20.9,6.3,84.25
29.7,20.6,2.2,87.75
34.9,19.1,7.8,79.25
33.3,22.3,5.5,81.25
34.6,21.7,3.1,86.75
35.0,21.1,4.5,77.75
33.0,21.0,2.6,84.5
30.0,22.0,0.6,89.5
30.2,22.4,0.2,91.0
29.6,21.0,2.8,90.5
29.6,21.7,1.0,93.25
30.2,21.7,1.1,86.75
32.5,21.8,3.1,88.25
28.8,22.1,0.2,86.0
27.2,21.8,NaN,93.5
31.7,22.1,0.8,88.0
26.2,22.0,NaN,96.5
25.7,21.6,NaN,95.25
29.1,21.5,0.8,89.0
33.3,21.4,3.8,83.0
30.4,21.2,1.3,85.5
33.7,20.6,3.1,86.5
34.7,20.4,5.4,55.75
33.8,20.9,3.5,86.5
35.5,20.8,8.1,74.0
35.0,21.4,8.5,71.75
33.6,20.9,5.0,84.5
32.9,20.9,2.7,83.75
34.4,21.6,4.2,84.25
33.1,21.7,4.5,82.25
32.5,20.6,3.3,83.75
32.2,21.9,5.1,85.25
32.1,21.1,2.4,86.0
26.5,20.4,NaN,92.5
32.3,19.9,3.1,92.5
32.6,21.8,1.5,87.5
34.4,20.4,5.7,80.5
36.1,21.9,6.3,79.0
31.2,21.2,3.5,82.75
33.0,20.8,1.9,87.5
33.6,20.4,5.4,82.25
32.8,21.8,4.4,81.75
32.2,21.6,1.2,91.5
28.0,21.5,0.1,93.5
32.8,20.9,3.2,81.5
33.1,22.3,1.7,89.5
32.8,21.5,4.4,83.0
31.5,22.4,3.0,86.0
33.1,20.1,4.5,81.25
33.5,20.8,3.7,80.5
30.2,20.8,1.5,93.0
34.0,20.1,4.5,81.25
35.5,22.1,7.8,74.25
34.0,21.9,4.5,58.75
35.4,22.3,7.9,75.25
33.3,21.4,4.1,81.5
33.5,21.1,4.4,78.75
27.6,22.0,NaN,93.0
34.5,21.1,3.8,85.25
30.6,21.5,1.0,89.0
34.4,21.6,5.1,76.75
30.0,21.4,0.5,91.0
35.8,20.3,7.8,76.5
33.5,21.1,5.9,83.75
34.3,21.3,4.6,85.5
33.0,22.6,1.8,87.0
35.0,21.5,7.2,79.0
32.6,22.1,3.0,85.5
34.5,20.6,7.7,80.75
35.5,22.0,5.5,81.25
33.3,21.8,3.7,84.5
32.2,20.5,3.5,84.25
35.1,20.3,7.8,75.25
31.9,21.5,4.1,88.25
33.4,20.8,1.9,88.75
26.1,21.2,NaN,92.75
31.4,20.6,3.1,86.5
31.3,21.8,5.8,83.0
32.1,19.8,5.3,73.5
34.3,19.1,9.2,70.25
35.8,18.4,9.6,73.25
36.8,19.7,8.4,72.75
35.3,22.1,9.2,75.0
36.1,20.9,7.3,76.5
35.7,22.1,8.0,76.25
35.1,21.2,9.0,75.0
32.8,21.8,5.2,82.5
34.9,21.2,7.9,77.75
32.9,20.6,5.6,78.25
32.5,20.4,3.9,86.75
34.5,21.0,7.2,76.0
33.8,21.7,6.9,83.5
34.6,20.7,5.7,79.75
34.4,21.5,5.0,75.75
35.4,22.2,7.3,74.0
33.7,22.1,2.7,84.5
34.5,20.9,7.2,75.25
31.6,22.0,2.7,83.25
34.8,20.4,8.6,78.5
33.9,21.7,8.1,79.0
34.6,22.8,4.8,79.75
35.7,22.1,9.1,78.5
33.3,22.6,4.8,79.75
29.7,22.4,NaN,85.75
32.0,21.0,4.2,85.25
25.2,21.1,NaN,86.75
26.9,16.4,1.5,75.75
30.5,17.4,6.6,72.25
32.3,18.1,3.2,74.0
33.0,18.2,4.7,75.25
35.0,19.2,8.5,75.5
33.7,20.1,1.1,75.5
33.7,21.6,3.2,73.75
35.0,21.6,6.0,69.5
34.6,19.7,8.2,69.5
34.3,19.3,7.0,71.75
33.6,20.2,7.8,71.5
33.7,19.2,5.8,73.5
34.9,18.2,8.8,69.5
33.9,18.8,5.8,69.75
34.4,19.6,7.9,71.25
35.5,19.5,9.2,71.0
36.6,20.2,NaN,69.75
35.8,19.6,9.2,67.0
35.4,18.1,9.4,66.75
35.5,17.8,9.3,60.0
35.5,16.6,8.0,67.25
34.8,16.5,8.1,66.0
35.7,17.0,8.5,64.25
35.0,17.1,7.7,70.0
35.0,19.0,9.0,70.75
36.1,20.3,7.2,69.0
34.9,19.7,5.3,79.25
26.5,20.2,1.5,83.5
29.5,15.9,2.9,83.0
31.1,16.5,6.0,77.5
33.7,17.4,8.9,70.75
34.6,16.9,8.7,67.75
34.5,17.0,9.4,64.25
34.2,15.5,9.5,63.5
36.0,16.1,9.5,62.0
35.2,18.2,8.8,61.75
36.7,17.1,9.2,59.0
35.4,17.5,9.3,63.75
35.5,18.0,9.0,61.25
35.1,16.9,8.5,64.5
35.6,18.2,9.6,61.5
35.0,17.9,9.5,64.0
35.5,16.4,9.4,60.5
34.9,15.9,9.2,64.0
34.3,17.3,8.6,65.75
34.9,15.5,9.3,65.5
35.8,15.6,8.9,66.25
35.6,18.0,9.2,65.0
35.3,17.5,8.6,62.25
35.3,17.7,9.4,64.75
33.6,17.4,8.4,69.5
32.9,16.5,8.4,72.25
33.7,17.1,8.7,69.0
34.4,16.0,9.2,62.75
34.9,14.0,9.6,62.0
34.6,17.0,9.5,56.25
34.2,15.3,9.5,60.5
34.1,15.2,9.6,57.75
35.3,16.5,9.5,59.25
34.5,16.5,0.8,60.5
34.5,15.4,9.5,59.5
35.3,17.4,8.9,61.75
34.9,18.2,9.5,59.25
35.5,16.6,9.4,57.5
35.5,15.3,9.1,60.5
36.3,18.2,9.1,57.0
35.2,17.8,9.5,55.0
34.8,17.4,9.5,52.0
33.3,14.5,9.7,50.0
34.8,12.3,9.5,54.75
35.2,17.3,8.3,54.25
35.2,15.3,9.2,56.5
33.4,15.7,8.0,56.75
32.9,13.5,9.7,54.0
33.9,14.0,9.6,52.5
33.6,14.6,9.7,54.5
34.8,14.4,9.4,57.0
35.8,15.9,9.7,57.0
36.5,15.9,9.6,54.0
36.5,16.6,9.6,50.0
36.2,16.8,9.6,47.75
36.0,15.3,9.6,47.75
36.5,13.6,9.6,49.5
36.2,15.0,9.6,55.75
36.2,16.8,9.6,52.0
36.7,15.6,9.6,50.5
36.4,18.1,9.6,46.75
35.5,15.6,9.4,50.5
35.2,14.6,9.6,51.25
36.4,13.5,9.6,51.75
37.4,16.2,9.6,55.0
37.3,16.2,9.6,51.75
37.3,18.5,8.9,52.75
36.8,18.1,9.4,58.5
38.4,16.0,9.5,52.25
38.9,17.5,9.5,48.75
38.6,18.7,9.5,46.0
37.5,17.4,9.5,50.5
38.0,15.9,9.5,46.5
38.2,16.4,9.5,48.5
38.6,19.3,9.2,45.0
37.7,18.7,6.9,46.75
36.5,17.0,9.5,45.75
37.6,15.9,9.5,47.0
37.8,17.9,9.5,42.75
37.2,15.4,9.5,40.75
37.5,17.0,8.1,45.5
38.0,18.1,9.3,45.75
36.8,17.3,9.6,45.25
36.1,16.5,9.6,46.25
35.1,16.1,9.0,51.25
36.6,17.8,9.6,46.25
37.7,17.3,9.2,40.0
39.6,16.7,8.7,45.25
38.6,18.6,9.4,44.25
38.9,19.9,9.6,40.25
38.6,16.3,9.8,40.25
38.9,18.6,8.9,32.5
38.9,17.6,9.5,48.75
38.9,19.5,9.6,53.75
38.4,19.1,9.6,48.0
38.7,19.6,9.5,49.0
39.4,19.6,9.5,45.25
38.7,20.6,9.6,43.75
38.6,20.4,7.0,58.0
38.5,20.6,7.9,59.5
35.0,21.8,8.5,48.25
35.6,17.1,9.1,51.0
39.8,19.4,9.2,47.25
40.8,19.8,9.2,44.5
39.7,20.4,8.5,50.0
39.8,21.2,9.0,48.25
40.1,18.1,9.4,42.75
40.3,19.0,8.9,49.5
37.3,20.1,2.7,60.0
39.6,19.5,7.4,55.25
39.4,22.2,7.1,48.75
38.4,21.8,5.6,50.5
39.7,22.6,6.7,53.25
39.4,21.6,7.1,48.5
30.1,20.9,0.1,90.0
27.6,19.7,NaN,84.5
29.2,17.6,1.6,78.25
37.1,17.9,9.6,60.25
38.1,17.8,10.0,41.25
37.7,17.0,9.9,48.0
37.1,20.2,8.8,65.25
38.9,21.3,7.4,61.25
35.0,21.6,3.5,73.0
37.5,21.0,8.5,63.0
39.0,21.2,8.5,58.25
38.8,22.0,8.6,72.0
36.4,22.1,5.9,72.0
34.0,21.3,5.3,77.5
37.2,20.9,9.6,67.5
38.5,22.2,8.6,59.75
33.4,21.2,3.9,90.25
35.7,21.5,8.2,65.0
36.4,21.3,8.3,63.25
37.2,21.6,9.2,61.25
37.7,21.8,8.0,66.0
37.2,22.1,6.7,62.25
36.2,22.1,6.3,69.5
37.9,20.8,8.0,57.25
38.9,20.9,8.0,55.25
39.2,22.2,8.3,55.0
39.8,20.8,8.7,59.25
38.1,23.5,5.6,65.5
34.6,22.7,1.8,69.75
36.0,22.3,4.7,67.0
36.5,22.6,6.1,67.75
28.2,21.6,NaN,91.75
33.7,21.8,2.9,81.5
36.2,22.4,7.2,77.25
30.7,21.2,1.6,89.25
35.4,20.7,8.5,76.5
36.3,20.8,9.2,66.0
37.8,22.1,6.5,72.0
38.6,21.5,9.9,66.25
29.9,20.6,NaN,90.75
30.6,21.7,1.7,86.75
36.9,22.0,8.3,70.25
36.4,22.7,7.3,77.5
36.3,21.9,6.1,79.0
35.7,21.7,2.9,77.0
35.5,22.2,3.8,78.75
36.4,21.7,7.3,72.75
32.2,21.4,3.1,82.25
31.8,21.2,NaN,80.75
38.0,21.6,10.0,65.75
36.0,22.3,7.2,75.5
27.2,21.5,NaN,92.25
35.1,21.6,4.2,79.75
35.2,22.1,6.3,80.0
32.7,21.5,4.2,80.25
35.5,22.3,6.0,79.0
35.2,23.1,1.1,87.75
34.0,22.9,1.4,86.5
33.3,22.1,1.4,83.25
31.7,21.5,0.5,84.75
33.4,23.2,4.1,84.0
30.1,20.9,0.6,88.25
34.9,22.3,4.6,84.25
31.5,22.8,2.1,88.75
31.9,23.3,2.0,86.75
35.0,21.4,7.4,75.25
34.4,22.3,7.5,78.5
32.8,22.7,4.0,83.5
30.2,23.2,2.0,86.75
29.6,22.2,0.5,91.75
35.2,21.9,5.3,83.0
35.0,21.5,4.7,82.5
33.9,21.0,5.9,78.75
32.0,22.1,3.7,83.75
26.2,22.2,0.1,91.0
30.1,21.1,0.7,79.25
33.1,21.8,4.0,72.75
33.8,22.5,2.8,78.5
33.0,22.0,2.7,91.75
35.1,21.5,3.8,83.0
36.1,21.5,10.7,73.5
36.4,22.3,8.1,77.25
33.9,22.0,7.1,81.25
33.9,22.4,5.1,81.0
30.5,22.4,0.8,89.75
35.2,22.4,6.5,83.75
31.4,22.6,3.1,84.0
31.7,22.3,2.4,84.0
30.8,21.5,1.7,93.75
33.6,21.6,4.8,83.25
32.5,22.3,6.7,83.25
34.0,21.3,8.7,80.25
32.5,21.9,4.4,83.25
32.2,22.0,2.0,84.5
31.6,21.8,6.7,79.25
31.3,21.6,4.0,84.5
29.0,21.3,0.6,91.25
25.9,21.7,NaN,95.25
29.4,21.8,1.1,91.25
26.7,21.6,NaN,94.5
32.4,21.4,1.4,83.25
34.2,22.2,4.3,83.75
33.0,21.2,3.3,85.5
36.5,22.0,9.0,74.5
34.2,21.2,5.6,80.5
34.8,21.0,6.5,85.5
30.6,21.3,0.1,92.5
31.4,21.3,3.5,86.0
31.8,22.2,2.2,87.0
33.2,21.5,5.7,82.75
30.6,23.1,2.0,88.5
34.5,22.0,6.3,82.5
35.7,21.6,10.5,71.25
36.6,20.5,10.4,70.5
36.4,22.1,10.5,64.0
36.7,22.1,10.5,69.0
38.4,21.0,10.0,65.75
35.1,22.1,4.4,83.25
28.9,21.4,0.4,85.0
34.0,21.5,4.9,84.5
34.4,20.7,5.4,80.5
36.3,21.7,5.7,75.5
30.2,22.1,0.1,84.5
34.2,20.6,5.4,71.0
34.8,21.1,6.8,80.0
34.2,21.3,4.2,82.0
34.0,22.3,4.3,83.0
32.3,21.5,4.5,84.5
33.2,22.0,4.1,83.25
32.2,22.3,2.4,84.75
30.4,22.0,0.2,91.25
34.1,22.2,8.9,81.25
34.5,22.2,6.1,77.0
32.8,21.8,3.4,80.0
35.7,21.6,7.9,74.5
36.4,21.6,7.3,73.0
35.6,22.2,5.1,81.75
34.0,21.7,4.4,85.5
34.1,22.2,7.2,76.25
35.7,22.4,6.2,88.25
34.1,22.2,5.7,77.5
33.6,22.1,2.6,83.25
35.1,21.8,5.1,83.0
34.7,20.4,4.8,80.5
34.9,22.4,2.9,80.0
34.2,22.6,3.5,77.75
33.5,22.4,4.3,75.75
28.1,22.3,0.2,91.25
32.5,21.8,2.4,82.0
30.2,21.3,1.1,89.0
30.3,22.1,0.1,89.0
31.8,21.3,3.3,82.5
33.6,21.0,6.9,79.5
33.1,20.1,6.3,72.25
31.7,22.1,1.9,83.75
35.5,20.6,3.2,76.5
34.9,21.8,3.9,77.25
30.6,21.8,1.0,91.75
33.7,20.5,4.4,86.5
35.0,22.4,9.0,74.0
34.0,21.7,5.7,77.25
34.9,21.7,9.7,66.5
36.9,23.5,7.2,67.75
35.2,22.2,4.7,81.0
36.6,22.6,8.0,73.25
36.2,22.2,8.4,77.75
33.8,21.8,2.4,83.25
35.4,21.7,6.6,75.0
34.1,21.9,3.8,90.25
34.8,20.7,7.9,78.75
34.1,22.2,4.1,81.0
32.6,21.8,4.4,87.5
34.1,22.1,5.4,80.75
35.3,21.6,7.9,73.75
29.8,23.0,0.3,86.75
34.5,20.5,6.5,77.75
36.5,21.3,8.0,74.5
30.8,22.3,1.1,91.75
32.1,21.4,4.0,82.0
33.8,22.0,6.3,79.75
33.6,22.2,5.6,81.5
34.5,21.4,3.9,80.5
35.4,22.3,8.2,73.25
36.8,22.1,9.1,74.0
32.7,23.3,2.3,85.0
28.7,22.6,0.3,91.0
34.2,21.0,8.9,74.0
33.1,22.2,3.4,79.25
33.9,21.6,6.1,80.5
31.6,22.4,1.7,85.75
32.8,22.0,2.4,83.5
33.1,22.1,4.5,89.75
30.8,21.7,1.1,87.75
33.3,21.4,2.4,85.25
32.9,21.4,5.2,82.25
33.1,22.4,6.5,83.0
33.5,22.6,6.1,81.0
33.2,22.4,3.7,90.0
33.0,21.9,7.9,82.5
34.9,21.6,9.7,73.25
28.1,22.9,0.4,87.75
33.0,21.3,6.4,81.75
34.4,22.5,7.8,76.5
30.4,22.6,0.2,85.0
32.6,22.4,3.7,82.75
33.6,22.0,4.0,84.25
32.9,21.5,8.1,83.75
35.1,21.3,9.4,74.5
34.4,21.5,7.7,80.25
33.1,22.1,5.9,79.5
33.5,22.2,5.5,78.5
33.5,20.4,6.6,80.75
34.5,21.1,7.2,75.75
33.8,19.9,9.6,64.75
33.7,20.9,4.6,78.75
32.2,22.2,5.1,82.25
32.7,21.9,7.9,77.75
33.6,22.0,5.6,78.75
32.5,22.1,3.1,86.75
32.7,21.3,6.0,82.5
33.7,21.4,9.2,73.5
34.0,20.5,7.8,75.0
34.1,18.5,8.0,68.25
33.6,18.2,8.2,73.0
34.2,19.7,6.9,76.5
33.7,21.5,6.6,80.5
34.3,20.7,9.1,77.5
33.7,20.7,8.1,77.75
33.9,19.7,9.0,73.75
34.3,19.2,9.5,72.25
34.5,19.9,9.6,74.75
33.8,21.5,6.7,79.25
34.1,20.4,6.4,80.75
31.6,21.4,1.5,85.5
34.1,20.5,8.4,77.25
34.4,21.3,7.3,74.0
32.5,21.7,2.9,80.75
27.8,21.0,0.2,90.25
26.0,20.8,NaN,91.25
31.3,20.1,2.1,86.0
30.5,20.4,1.4,85.25
31.5,20.8,4.3,82.0
33.8,20.3,9.1,77.5
33.0,20.7,8.0,76.25
33.6,21.0,9.5,72.25
34.2,20.1,9.2,71.0
33.0,20.9,6.9,75.5
33.9,21.2,4.6,78.0
35.3,20.7,8.9,72.75
34.4,19.0,7.0,71.5
34.3,18.4,9.3,69.0
33.5,17.8,9.6,68.5
34.9,15.8,8.4,68.0
34.9,18.5,8.8,67.75
28.4,19.7,5.9,81.0
31.3,16.9,9.2,70.75
29.5,14.4,9.1,66.25
33.3,14.1,9.6,62.75
33.9,17.0,9.6,73.5
33.5,21.6,7.9,70.25
33.6,18.3,9.3,63.5
34.9,16.9,9.5,64.0
32.9,18.0,1.3,75.75
33.8,18.4,7.0,73.75
33.5,18.9,9.4,68.5
33.1,20.0,8.3,72.25
30.9,18.1,5.7,79.25
33.7,17.6,8.4,73.25
35.4,20.1,6.9,71.0
30.6,21.2,2.2,92.5
33.4,18.4,6.2,77.75
34.9,19.5,8.9,73.25
34.7,19.5,9.5,70.5
34.8,19.3,9.3,68.5
34.0,20.0,9.3,66.75
33.8,17.5,9.3,64.0
34.2,16.5,9.3,64.25
35.1,17.6,9.0,64.25
34.6,17.6,8.8,68.0
35.1,18.3,8.9,67.5
34.6,17.7,9.0,63.75
35.1,17.1,9.3,62.5
35.8,17.6,9.4,65.0
35.6,18.2,9.5,64.0
37.2,18.8,7.7,47.0
37.2,16.6,9.3,45.75
36.5,17.7,9.1,49.75
35.8,17.4,7.4,54.5
36.8,16.3,9.7,51.75
37.0,16.4,9.7,49.5
36.6,18.8,8.8,50.75
36.5,16.8,9.7,46.75
37.3,16.8,9.7,45.25
37.6,18.1,9.7,47.0
34.8,16.4,9.6,53.75
35.6,14.6,9.7,54.5
37.0,16.3,9.7,46.5
37.8,17.6,9.7,47.25
37.3,17.3,9.5,45.5
38.0,17.0,9.8,43.75
38.4,17.6,9.4,46.75
37.8,19.6,9.2,48.0
38.2,18.4,9.6,48.5
37.9,18.6,9.4,52.0
38.2,18.9,9.7,53.5
35.4,20.7,6.2,64.75
37.6,18.4,9.6,61.5
39.0,19.8,9.5,55.0
33.0,22.0,2.6,82.25
25.0,20.1,NaN,88.5
33.0,18.2,6.0,70.75
35.2,20.0,7.6,65.75
35.4,19.2,9.6,63.5
36.8,20.6,7.8,64.0
36.0,21.3,4.8,77.75
34.6,20.9,6.0,70.75
36.3,21.3,8.6,65.25
38.6,20.7,9.9,59.5
39.6,21.3,9.9,56.5
39.2,21.5,9.8,55.75
33.3,22.2,3.3,79.5
37.8,20.5,7.3,68.5
36.3,21.0,7.0,66.75
33.5,23.0,1.5,84.5
33.2,20.9,3.0,88.5
31.4,22.3,2.6,89.0
31.7,17.9,4.1,72.75
36.0,19.6,7.8,63.5
38.2,22.4,9.0,57.75
38.9,22.2,9.1,55.5
39.4,21.2,9.5,58.5
39.5,20.6,9.1,60.0
39.1,22.0,8.2,60.0
36.8,21.2,7.7,70.25
36.5,20.9,6.8,66.0
37.0,22.6,8.0,61.0
37.0,21.3,6.9,63.0
32.8,22.2,1.6,83.25
34.0,21.6,2.1,84.75
32.0,20.3,3.4,80.0
36.0,20.7,10.0,69.25
37.1,22.0,8.8,64.0
36.4,21.8,9.3,66.75
37.9,22.2,9.0,66.75
33.2,22.7,5.9,69.5
35.5,17.7,9.9,67.0
37.7,20.5,9.7,62.25
35.0,21.0,6.8,63.5
37.7,21.4,8.6,60.25
36.9,21.5,5.5,65.5
35.1,21.4,3.6,72.0
36.0,20.8,4.2,76.25
27.3,21.0,4.5,73.75
35.6,21.5,6.9,71.25
34.5,23.0,3.7,80.5
37.4,21.4,7.9,68.25
36.0,22.0,6.6,72.25
36.8,22.7,5.5,81.25
33.7,20.4,4.5,77.5
35.4,22.6,8.7,69.75
29.9,23.5,0.1,84.5
34.6,22.7,6.8,74.75
36.0,21.7,8.1,68.75
36.3,21.9,7.5,64.75
35.4,23.3,3.9,76.5
30.8,22.9,1.9,85.0
34.2,20.7,4.5,77.5
35.7,21.8,3.5,73.0
35.9,22.5,5.2,66.5
37.4,22.3,7.9,65.0
36.5,21.8,3.7,64.25
35.2,22.4,2.3,79.0
36.2,21.8,2.8,75.5
36.5,22.8,5.9,81.25
35.4,21.8,5.2,77.0
35.4,22.2,4.8,82.75
34.8,22.6,5.2,73.75
31.7,22.0,1.2,79.75
34.0,21.6,2.0,91.0
34.5,21.2,2.8,80.0
32.1,21.7,2.7,81.5
34.7,21.0,3.0,81.75
34.2,22.2,5.0,75.25
28.5,20.8,NaN,87.25
35.2,21.3,6.8,75.0
35.6,22.4,6.5,77.5
35.4,21.2,5.5,82.75
34.4,21.4,3.4,75.5
36.0,22.0,7.3,73.0
38.0,22.2,6.2,77.75
31.6,21.6,2.5,85.25
37.0,22.4,9.5,69.75
37.7,22.4,7.4,72.0
36.9,23.8,7.2,71.25
36.3,22.6,6.6,74.5
36.4,22.1,7.2,79.0
34.7,22.7,2.6,77.75
34.9,22.2,6.8,76.5
29.3,22.8,6.4,72.5
37.0,23.0,8.1,72.25
30.8,23.3,0.2,93.0
35.0,20.8,4.1,80.75
32.8,22.6,0.5,83.25
33.5,22.8,2.6,77.5
36.2,21.6,7.9,70.5
34.8,22.9,5.0,79.0
36.0,21.5,4.1,83.25
32.4,22.6,3.2,81.75
31.8,22.6,0.5,86.25
27.0,22.9,0.1,93.75
32.6,22.3,3.1,61.5
30.6,22.1,0.7,89.25
28.5,21.5,NaN,94.75
27.7,22.2,NaN,92.5
32.6,21.3,0.5,85.25
31.2,22.5,2.3,90.0
31.9,22.5,3.5,87.5
35.5,21.2,7.1,78.0
33.6,23.2,1.5,80.25
32.0,21.9,3.6,83.75
31.8,22.9,NaN,91.0
30.1,22.7,0.7,86.25
34.2,21.2,4.1,85.5
35.4,21.0,7.9,75.25
35.1,22.1,5.7,78.25
35.4,21.7,4.3,79.75
34.2,21.9,4.2,77.25
35.7,21.8,6.5,78.0
35.3,20.5,7.3,77.75
34.7,22.8,5.7,79.0
34.9,21.3,8.8,73.75
36.3,21.8,9.3,67.75
34.9,22.4,3.3,87.25
29.6,22.8,1.6,83.25
33.2,22.1,1.7,87.75
29.8,22.0,3.2,83.75
33.5,21.5,2.1,79.25
32.4,22.7,4.0,82.75
29.2,22.2,0.3,87.75
25.8,21.8,NaN,94.0
33.4,21.0,3.2,83.5
33.9,21.5,6.8,85.0
35.0,20.5,8.9,80.0
35.8,23.0,6.2,77.25
33.0,23.1,4.0,86.25
34.2,21.9,6.9,80.75
30.3,22.2,1.1,86.25
30.0,22.8,0.6,89.5
33.5,21.6,2.8,84.5
30.1,21.6,0.1,87.75
34.0,22.1,4.8,83.0
31.5,22.2,4.6,84.5
31.6,21.7,1.6,85.0
35.8,22.7,6.2,80.25
36.6,22.3,7.6,79.5
35.6,22.2,10.0,82.25
36.9,21.0,9.0,71.75
36.3,22.6,9.7,70.5
36.4,22.6,8.5,71.25
28.8,20.9,0.1,91.75
31.3,21.4,1.3,94.0
28.8,21.4,NaN,93.25
32.3,21.5,3.8,89.5
31.3,21.4,1.2,94.5
32.0,21.2,2.9,87.5
31.2,22.3,0.3,84.75
29.9,22.0,0.1,93.25
35.5,22.7,5.2,83.0
33.3,21.5,5.2,84.25
36.4,22.0,4.2,81.0
36.4,21.8,9.4,68.75
37.2,21.4,9.1,72.5
37.5,22.5,10.3,67.75
38.0,22.1,10.0,66.0
38.5,24.0,7.7,71.75
32.3,22.0,0.6,84.75
33.6,22.2,1.8,87.5
31.4,22.6,0.8,90.0
32.2,22.6,1.5,88.0
26.5,22.5,NaN,91.25
35.4,21.9,8.0,76.5
34.0,23.0,2.8,86.5
34.9,22.6,4.2,80.25
31.7,22.5,1.6,85.0
36.7,21.2,3.5,79.25
36.0,22.8,0.1,76.5
36.4,23.1,7.8,70.25
35.8,23.6,6.4,80.0
37.4,22.3,6.9,76.25
35.3,22.1,5.2,75.5
34.0,23.2,6.3,82.5
36.8,20.0,9.6,73.25
37.2,22.2,8.8,69.25
33.4,23.2,2.3,90.0
36.3,21.4,6.4,82.75
35.8,22.2,6.8,80.5
28.3,23.4,NaN,89.5
33.6,22.5,5.5,78.5
33.6,23.1,4.2,86.5
34.4,22.2,2.3,84.75
29.1,23.4,NaN,92.25
36.3,22.7,7.0,76.25
36.4,23.1,6.7,78.75
36.6,22.5,7.6,81.0
35.0,23.0,2.9,91.5
36.5,21.5,8.0,80.25
37.4,23.1,8.2,74.25
33.9,23.7,4.3,79.5
30.3,23.2,NaN,84.0
36.2,22.3,7.0,73.5
34.7,22.7,7.1,75.25
36.6,21.3,9.9,67.25
36.9,23.3,7.0,73.75
37.2,23.3,9.0,66.75
36.8,22.7,8.5,77.25
37.7,22.8,8.4,70.25
31.9,22.5,5.1,84.5
35.4,21.7,8.9,77.0
34.0,23.0,5.4,85.5
33.1,23.0,1.9,86.0
35.0,22.4,4.0,84.25
32.5,22.2,1.3,88.0
34.8,21.9,3.2,82.0
33.0,21.2,3.2,86.5
34.9,21.9,5.9,85.0
30.8,23.0,2.0,87.5
33.1,22.0,3.5,84.5
27.7,22.6,NaN,90.5
34.1,21.3,2.4,68.5
32.6,22.2,1.7,90.25
32.1,22.7,2.6,91.75
34.9,22.8,6.6,81.5
29.6,23.2,1.0,91.75
30.2,22.3,2.3,84.0
30.8,19.4,1.2,83.0
32.8,19.6,9.4,70.0
33.5,16.4,9.4,66.25
33.1,16.5,8.2,72.0
34.3,18.3,9.2,70.0
35.3,20.8,7.9,77.25
34.3,21.7,8.6,65.25
34.0,19.0,6.8,69.5
35.7,20.8,9.4,70.0
36.5,21.9,9.6,68.75
35.0,22.6,6.2,75.0
36.4,21.7,9.2,70.5
37.1,21.6,9.1,72.5
36.9,22.2,7.3,71.0
37.4,22.6,9.3,67.25
37.0,24.2,7.6,75.25
37.4,22.8,9.5,70.75
37.1,22.2,9.6,66.25
37.1,21.8,9.1,70.25
37.1,20.5,9.6,67.0
37.1,21.1,9.6,66.75
37.0,20.1,9.3,65.0
37.2,24.1,9.7,63.75
36.0,20.4,4.8,67.25
36.5,19.4,9.6,66.75
38.1,21.2,9.7,65.25
36.7,21.7,9.5,65.0
32.5,22.5,2.6,87.25
35.4,21.0,7.3,72.75
35.8,20.1,7.9,69.5
36.7,18.6,8.7,69.0
37.2,20.5,8.1,69.75
31.7,20.2,6.4,78.0
31.0,16.4,9.2,64.25
30.8,14.1,8.6,60.5
29.1,14.0,6.0,64.5
33.2,10.9,9.6,62.0
36.1,13.8,9.5,62.75
38.1,19.3,9.4,64.5
37.6,21.8,9.1,65.75
37.1,22.5,6.7,70.25
30.7,22.6,0.1,84.25
37.2,17.9,9.4,68.75
35.4,21.7,8.2,70.5
35.6,19.8,9.2,64.5
35.5,19.5,9.5,63.75
36.4,18.5,9.3,63.25
36.9,18.5,9.5,64.75
36.5,21.4,7.7,67.25
36.3,21.6,9.0,64.25
36.6,21.2,9.4,62.75
35.0,20.1,4.3,68.75
36.8,19.0,9.3,58.75
35.9,22.1,4.4,84.75
30.2,21.7,2.8,76.75
33.5,16.4,8.5,71.25
36.0,18.5,9.5,63.75
36.2,19.1,9.4,65.5
36.9,20.0,9.5,67.5
32.8,20.2,3.1,82.75
34.7,17.5,9.0,73.5
35.6,19.2,9.4,68.5
35.7,18.6,9.6,62.0
35.8,18.3,9.5,58.75
36.6,17.3,9.5,55.5
35.3,17.6,9.5,57.5
34.7,15.5,9.5,57.0
36.1,16.8,9.5,53.75
36.5,17.3,9.4,56.5
35.8,16.8,9.5,58.5
35.2,15.8,9.4,60.25
36.1,17.6,9.5,57.0
36.2,16.8,9.5,59.75
36.9,16.2,8.5,60.25
37.0,18.6,9.5,59.75
37.6,18.4,9.1,57.5
36.6,17.5,9.5,58.25
36.8,16.5,9.5,56.0
37.7,15.7,9.4,56.25
36.0,19.6,8.5,59.75
35.0,17.6,9.5,54.5
35.6,15.8,9.5,59.25
34.8,18.9,9.5,54.5
34.4,16.8,9.5,58.25
35.5,17.8,9.5,53.5
35.3,16.8,9.5,56.5
35.6,17.1,9.2,58.0
36.3,17.0,9.3,59.25
37.5,17.8,9.2,56.5
35.9,19.6,7.6,48.5
34.4,16.7,9.4,52.0
33.5,12.9,9.4,51.75
34.7,12.9,9.6,55.5
36.8,15.4,9.5,49.5
38.0,15.3,9.5,46.25
37.9,15.3,9.6,47.5
37.7,16.2,9.0,45.5
37.3,15.3,9.5,41.75
35.8,17.9,6.7,53.5
35.1,17.3,7.3,51.75
34.9,16.5,7.3,51.75
33.5,15.4,8.2,25.0
36.0,13.8,9.3,44.25
37.2,14.1,8.0,48.0
37.8,16.0,8.6,45.0
36.2,16.7,8.6,48.5
36.2,16.5,8.6,48.0
36.1,13.3,8.7,41.75
36.8,15.3,8.7,49.5
37.1,16.6,7.8,53.0
37.7,17.5,7.5,49.5
38.3,16.6,8.2,43.5
38.1,15.2,6.6,48.25
38.3,18.5,6.7,58.25
38.9,19.1,6.5,59.0
38.5,20.2,7.0,59.5
38.9,20.8,6.8,60.0
38.2,22.6,6.1,57.25
37.9,20.4,7.8,51.0
37.7,18.6,7.5,51.25
38.0,19.4,8.0,43.75
36.8,17.4,5.9,50.0
37.2,18.2,7.5,53.25
37.5,19.3,5.3,50.5
37.9,20.2,7.6,42.5
39.0,19.3,5.9,46.25
38.0,19.7,2.6,54.5
39.0,19.0,3.1,50.75
37.1,19.1,3.4,57.0
37.8,19.1,3.6,53.0
37.4,17.1,2.0,54.5
38.4,19.4,NaN,49.75
39.3,21.2,3.7,55.5
40.8,19.4,7.2,48.25
40.7,19.7,5.3,46.0
39.1,19.6,0.2,54.5
39.5,19.3,2.5,48.5
39.9,18.7,8.5,41.5
37.6,19.0,0.6,54.5
37.6,19.5,NaN,56.75
38.4,19.5,NaN,58.0
39.1,21.2,NaN,57.75
38.0,22.1,0.4,59.75
37.9,23.1,3.0,61.0
39.0,22.9,7.0,56.5
39.1,22.5,6.2,55.5
40.7,23.0,5.3,64.75
38.7,22.4,7.4,61.0
39.7,22.7,7.6,51.5
30.4,21.7,0.4,82.0
36.6,20.1,8.0,61.75
40.8,20.8,8.9,53.25
40.1,24.5,6.6,55.5
37.1,23.3,4.9,73.0
39.1,22.2,8.3,56.75
39.7,23.2,8.1,56.75
38.9,23.1,5.8,69.0
35.3,20.6,1.9,74.0
35.9,21.4,3.5,71.0
39.2,22.6,5.8,63.5
38.2,21.3,6.7,64.25
38.0,21.4,5.8,61.0
39.4,22.4,8.1,60.0
38.9,23.4,6.0,63.0
31.3,23.7,1.5,71.5
36.3,22.4,5.8,69.25
30.1,21.7,0.3,86.5
35.8,23.1,2.7,76.75
36.1,22.4,5.0,81.25
32.2,22.1,0.4,76.5
32.7,22.2,0.5,77.0
34.4,21.3,4.1,72.25
35.8,20.9,5.3,80.5
35.7,22.0,5.4,77.75
34.9,21.5,1.7,76.75
37.6,21.0,8.7,70.0
37.2,22.6,8.8,67.5
37.0,22.2,8.4,73.25
32.5,22.9,0.8,87.0
35.4,21.9,3.9,77.75
33.4,22.4,2.2,82.5
33.7,22.7,4.7,79.25
36.2,22.2,5.7,70.5
36.2,22.7,7.4,65.25
34.2,21.6,5.9,77.25
35.3,21.5,6.2,73.25
33.5,22.9,0.9,83.25
33.1,21.7,2.6,81.0
34.6,22.1,2.2,77.0
35.3,21.4,4.5,77.5
32.2,22.7,2.1,85.0
36.6,21.8,6.0,75.25
33.9,21.7,3.0,80.75
33.8,20.6,3.9,76.25
32.0,21.7,1.9,81.75
34.0,21.6,3.5,75.5
35.4,21.7,8.3,69.5
35.8,21.5,8.5,70.0
35.7,23.4,4.5,80.75
32.6,21.7,4.2,77.0
36.3,21.0,7.7,65.5
34.7,22.5,5.9,66.75
35.3,21.8,4.4,82.0
28.4,21.6,0.7,90.75
34.9,21.5,6.4,76.75
36.2,21.6,6.8,79.5
33.8,21.0,4.7,79.0
34.5,22.2,4.4,81.75
35.0,22.9,4.5,82.75
32.0,22.5,1.4,92.25
35.9,21.6,7.5,77.5
37.0,22.7,10.6,65.25
37.9,22.4,9.0,67.25
35.3,22.0,3.6,90.0
30.1,21.3,2.9,87.75
35.1,22.4,7.0,77.25
35.2,21.7,9.0,73.5
35.2,23.3,3.2,77.0
31.2,23.3,2.0,86.5
34.5,23.1,6.5,81.5
33.1,23.8,2.0,88.5
33.1,19.2,4.1,87.75
24.5,17.0,NaN,87.5
30.5,18.2,5.4,78.5
33.8,17.8,8.4,72.5
31.9,21.5,2.6,82.0
33.5,21.1,3.2,84.75
33.7,21.8,5.2,77.5
33.4,21.3,4.2,79.25
31.3,19.8,0.6,82.0
35.3,20.7,6.5,76.25
37.5,21.2,10.4,68.5
35.0,20.4,6.8,75.75
35.8,21.0,7.3,73.75
36.4,21.8,8.0,73.25
34.5,22.8,5.2,81.0
31.8,22.6,3.3,86.5
30.6,22.3,1.8,91.5
32.4,21.8,4.0,85.75
26.6,22.4,NaN,93.5
27.7,21.7,NaN,87.0
28.6,21.4,0.7,87.5
31.4,21.0,5.3,83.0
32.0,21.0,2.9,88.0
31.2,22.4,1.8,92.0
33.4,22.2,6.0,82.0
34.5,20.6,8.7,77.0
35.6,21.6,6.9,72.25
36.0,20.8,4.8,78.25
35.7,22.5,5.3,76.0
32.8,22.9,3.5,86.0
32.0,22.0,4.1,88.25
29.9,22.1,1.4,90.25
32.7,22.5,3.4,86.75
34.5,22.9,1.6,84.0
31.3,21.5,1.9,88.5
29.0,22.2,0.2,89.25
33.9,22.4,5.7,78.75
33.0,21.7,1.9,86.75
33.2,21.2,3.7,86.75
31.9,20.8,2.2,90.75
32.4,21.6,5.3,83.0
34.4,20.1,6.2,78.5
32.8,21.6,6.1,85.75
32.3,20.7,2.9,86.0
33.6,21.0,4.9,75.75
34.1,21.7,5.0,81.5
32.5,20.1,4.8,83.75
32.6,20.1,2.3,88.75
34.6,21.9,6.6,74.75
36.1,21.7,8.1,77.25
36.3,21.4,7.1,73.5
34.9,22.6,5.5,72.75
35.1,21.6,6.8,75.75
35.1,21.2,4.3,82.0
34.2,21.3,4.5,77.5
33.5,21.0,5.3,83.25
33.8,22.3,2.9,80.5
32.6,21.0,5.2,86.25
33.2,21.2,3.1,82.75
29.9,20.1,2.3,87.0
31.5,21.4,2.2,92.5
34.4,21.6,5.0,80.25
32.8,21.6,3.3,85.75
32.5,21.6,5.6,79.75
32.7,21.3,5.7,82.5
31.2,22.1,0.6,86.75
33.8,22.2,6.9,83.5
28.7,22.3,0.4,90.5
31.5,21.3,1.7,85.75
32.7,21.7,4.1,82.25
32.4,21.6,2.6,86.75
33.4,20.3,6.5,79.75
34.7,20.9,7.9,77.5
36.7,21.9,9.6,73.5
34.8,21.8,4.5,79.25
34.7,22.1,3.0,81.5
30.9,21.5,1.2,88.25
32.7,21.4,3.0,84.75
29.5,22.3,0.5,88.5
32.4,21.9,4.0,82.5
29.8,22.0,0.6,91.5
32.6,22.0,2.1,79.25
32.7,21.0,3.0,82.75
33.5,22.1,3.8,83.75
33.9,21.7,2.5,82.5
34.0,21.7,3.6,80.75
29.5,21.3,NaN,93.25
31.5,20.8,4.8,81.25
34.8,21.0,4.9,75.5
31.6,22.2,4.1,88.5
32.4,21.4,3.5,81.25
31.7,21.4,2.4,86.0
29.7,22.6,NaN,89.5
34.0,21.6,7.3,80.25
35.3,22.2,7.0,76.75
34.3,21.9,6.3,82.5
34.8,21.8,3.4,81.0
36.3,22.0,5.3,76.75
35.6,21.8,3.1,81.25
28.8,20.5,1.9,92.5
32.8,21.0,2.7,89.75
35.0,21.1,2.7,89.75
35.9,21.7,5.1,77.0
34.2,22.5,2.7,89.0
36.3,21.4,6.7,79.0
33.4,22.0,4.2,87.5
35.6,21.8,8.1,78.5
35.2,22.4,6.5,78.25
30.4,22.7,0.4,89.0
34.9,21.5,7.1,82.75
33.9,21.6,5.7,81.0
31.4,21.6,3.0,85.0
32.7,22.1,3.0,82.0
34.3,22.8,4.4,84.75
32.8,22.3,3.4,86.0
33.5,22.3,5.7,79.0
33.3,22.5,3.5,86.0
33.5,21.7,3.3,79.0
35.5,21.1,9.3,73.75
34.7,22.2,7.5,78.0
35.0,22.8,6.7,80.5
34.0,21.6,6.3,80.5
35.4,22.2,8.3,77.75
35.5,22.6,5.4,75.75
36.7,21.7,8.9,71.5
36.7,20.7,9.8,67.5
35.2,21.9,7.9,79.75
35.0,19.5,9.3,74.25
35.3,22.3,9.7,71.0
35.6,20.6,8.8,73.25
36.7,21.1,9.0,71.0
33.8,21.9,3.2,78.75
36.0,21.4,8.3,78.75
29.3,21.4,0.8,90.0
34.4,21.4,7.2,76.75
35.2,20.2,8.9,74.5
34.0,20.8,5.2,77.0
34.8,21.1,9.4,76.75
36.0,20.4,9.4,70.0
35.6,20.0,9.4,71.75
30.2,21.0,6.5,76.5
25.9,19.4,0.2,83.5
33.4,16.8,9.2,74.75
34.7,20.9,5.6,75.25
33.8,23.2,0.1,82.0
34.7,22.0,4.0,79.25
35.3,22.8,7.5,72.25
35.1,21.0,9.2,67.25
35.3,19.7,9.4,64.5
35.4,18.5,8.7,68.75
35.4,19.5,9.0,65.5
35.1,20.5,9.0,66.0
35.1,18.8,NaN,84.0
34.6,19.6,7.2,68.0
30.6,20.0,1.7,77.25
31.8,17.8,7.2,73.5
31.5,19.9,3.5,70.5
35.0,20.1,9.1,72.5
36.3,20.6,7.9,73.0
35.4,21.2,8.7,71.5
35.7,20.4,9.0,66.75
34.0,19.8,9.4,65.0
33.9,15.1,9.3,60.5
35.6,17.7,7.7,68.25
35.0,21.2,7.8,67.25
33.7,21.0,7.5,69.0
33.9,20.4,7.7,65.5
35.4,17.4,8.5,64.25
35.5,16.6,9.3,60.5
35.5,16.9,8.9,60.25
35.0,18.2,9.1,61.0
35.0,15.9,9.5,62.25
36.0,17.4,9.2,61.75
34.2,17.6,9.4,61.75
34.5,16.4,9.5,58.0
35.5,15.8,9.4,61.5
35.3,19.0,6.3,73.75
35.8,19.1,7.6,70.5
36.6,19.5,9.3,68.25
27.4,19.2,0.4,91.0
31.6,19.0,7.1,79.5
34.2,18.3,9.3,69.25
34.1,20.6,9.4,66.5
34.3,18.6,9.5,66.0
34.7,18.9,8.7,65.75
35.6,19.5,9.5,66.0
34.3,18.0,9.5,63.25
34.3,16.6,9.3,66.5
35.2,16.6,9.0,64.75
35.8,18.3,9.4,62.75
35.7,17.3,9.1,60.25
35.3,16.8,9.5,58.5
34.8,16.4,9.5,60.75
35.5,18.4,8.7,60.75
35.9,19.7,6.9,64.5
29.7,19.1,9.1,69.75
28.0,15.1,6.4,72.5
33.2,13.8,9.5,65.25
35.9,16.2,9.5,56.0
36.3,15.4,9.5,56.0
36.7,17.0,9.5,53.25
36.4,18.7,8.7,56.0
35.5,18.5,9.5,58.5
NaN,NaN,NaN,NaN
38.3,20.0,7.6,53.75
34.0,13.5,9.5,62.0
37.5,16.1,9.5,49.25
38.5,19.0,9.5,57.75
37.4,20.1,9.5,52.0
38.8,17.0,9.2,50.5
38.7,18.6,9.5,49.5
38.9,19.0,9.4,58.0
38.9,18.6,9.6,45.5
39.3,17.3,9.6,50.75
39.4,18.8,9.3,45.5
38.8,19.2,9.4,48.25
38.4,18.3,9.4,43.0
39.1,18.2,9.0,49.5
38.4,19.5,9.6,51.25
38.9,18.5,9.6,51.75
37.9,18.4,8.9,52.75
31.1,18.0,5.7,67.75
32.2,13.9,9.7,54.25
35.6,12.8,9.7,54.0
36.1,16.5,9.7,54.5
38.0,16.6,9.6,43.25
39.8,17.5,9.7,40.25
39.4,19.6,9.4,50.0
39.5,19.7,9.7,53.25
39.2,19.8,9.3,53.5
39.6,18.8,9.3,50.75
40.7,19.1,8.6,51.5
41.2,20.0,8.4,48.75
39.0,21.6,8.7,53.0
39.4,22.9,8.1,53.0
39.4,20.6,7.6,58.25
38.9,20.2,9.6,50.0
38.6,18.1,9.7,46.0
39.4,17.4,9.6,40.75
40.0,16.1,9.7,43.25
39.5,19.2,8.3,48.5
38.7,21.3,5.6,64.0
40.2,19.4,7.7,51.75
38.0,22.0,7.4,49.0
40.8,22.7,9.4,48.25
40.2,21.1,9.3,44.5
38.6,22.3,5.4,52.75
39.4,21.1,5.3,54.0
39.1,21.2,9.0,44.75
39.6,18.3,9.0,41.5
39.8,20.4,8.6,38.75
39.5,19.4,8.9,43.75
39.3,19.5,8.9,43.5
40.4,22.6,8.8,39.5
39.6,19.7,3.5,46.25
40.3,19.6,7.4,46.25
38.6,22.2,5.6,50.5
38.5,21.1,7.5,51.5
41.2,22.2,8.7,41.75
29.1,21.0,0.1,84.25
34.6,21.2,3.8,73.75
37.3,20.7,6.8,57.5
29.0,20.1,0.3,85.75
37.8,19.8,8.1,68.5
29.6,20.3,2.0,90.75
32.0,20.0,5.8,79.0
35.4,19.6,6.1,70.5
32.5,22.0,1.9,91.0
35.0,20.8,4.7,82.0
37.0,22.1,8.5,65.5
37.8,23.0,7.0,61.75
39.0,23.3,7.4,62.75
35.9,20.2,4.3,90.0
35.1,20.3,7.2,78.25
33.8,22.4,0.7,76.25
36.5,22.0,6.9,66.75
34.4,22.6,3.5,86.25
33.6,21.5,0.9,84.5
34.3,21.8,6.8,73.0
34.8,21.4,4.0,73.25
30.5,22.2,NaN,88.5
30.9,21.4,2.2,82.0
33.8,21.0,7.1,75.75
31.9,21.8,2.9,81.5
31.6,21.8,0.8,86.75
32.4,21.1,7.1,79.75
37.1,21.0,8.4,67.25
36.1,22.0,6.2,73.75
32.9,21.1,1.2,86.75
36.7,20.7,7.9,73.75
37.1,22.0,4.3,65.0
38.4,22.6,9.9,70.5
31.1,22.1,1.5,80.75
34.6,21.7,5.4,80.25
35.8,21.8,2.2,79.25
32.9,21.5,2.8,79.75
28.0,20.3,NaN,91.5
31.5,21.7,1.5,93.5
33.7,20.9,5.6,82.25
29.4,21.5,0.9,89.25
30.3,21.5,1.8,87.25
31.6,22.0,2.1,85.0
32.4,22.4,2.2,86.75
31.6,20.7,1.8,86.0
34.2,21.3,5.9,77.75
35.6,21.4,7.9,79.0
35.1,21.1,6.6,75.5
33.1,21.8,8.6,79.0
24.7,20.1,NaN,94.5
32.0,18.5,8.2,79.5
36.9,20.6,10.2,69.5
35.6,23.0,4.9,79.75
32.5,22.0,5.3,79.5
35.4,22.2,9.7,71.0
36.4,22.8,7.8,74.0
31.4,21.6,0.2,87.5
34.2,21.0,5.3,80.25
33.3,22.6,3.4,83.5
34.3,21.5,4.3,81.5
34.2,22.3,3.2,81.5
33.6,21.4,5.8,79.0
32.8,22.2,4.4,84.25
34.3,21.6,7.6,79.25
32.0,21.5,3.4,83.75
31.5,21.1,3.6,83.0
33.6,21.4,6.2,81.5
35.2,21.6,8.8,82.75
34.5,21.5,4.8,81.25
32.8,22.1,3.1,85.75
34.8,21.9,3.3,83.0
33.1,23.1,5.2,77.25
33.5,22.1,6.2,80.75
31.0,22.2,4.9,82.75
34.5,21.2,5.8,80.75
34.7,23.0,4.7,82.75
32.7,22.1,4.1,80.5
31.6,22.2,2.0,86.75
28.2,22.7,NaN,94.0
33.0,21.8,3.2,85.0
30.0,22.6,2.2,85.75
30.8,21.2,1.3,94.0
32.5,20.9,2.7,87.0
32.6,21.5,2.4,79.5
32.3,22.1,2.1,89.25
31.4,21.4,1.9,88.75
33.5,22.1,3.7,82.5
29.8,21.6,1.3,91.0
31.0,21.8,1.2,87.25
35.0,21.2,9.0,73.5
32.3,21.1,2.4,89.0
32.2,20.8,2.8,87.5
33.8,22.0,6.4,80.0
33.6,21.8,6.2,64.25
32.7,21.9,3.1,87.5
33.5,21.9,5.2,83.0
32.0,21.3,3.6,87.75
32.4,22.6,3.4,83.25
30.3,22.3,2.6,88.5
34.4,21.4,4.8,77.25
33.5,22.4,5.6,80.25
29.2,22.8,1.4,85.25
34.8,22.3,7.6,79.25
30.3,21.7,0.2,90.5
31.0,21.4,1.3,88.5
30.9,21.5,1.7,91.0
28.3,21.1,1.0,89.25
32.0,21.0,2.1,88.75
28.9,21.5,1.0,90.5
29.0,20.7,1.9,86.5
31.2,21.0,2.4,84.25
31.3,21.6,1.4,85.0
28.8,21.0,1.4,88.25
28.6,20.7,1.1,91.5
25.5,21.0,NaN,92.75
27.9,20.4,NaN,91.25
33.8,21.1,4.5,85.5
27.4,21.4,1.0,90.75
31.8,20.6,5.4,88.75
33.5,21.3,3.6,80.5
33.0,21.4,5.2,86.0
34.1,21.9,4.9,83.0
30.2,21.4,1.4,86.75
33.0,21.3,5.2,85.5
32.4,21.8,5.1,88.0
33.1,22.0,1.9,82.75
32.3,21.7,4.4,83.25
32.1,21.7,6.4,84.25
30.9,22.2,2.7,83.25
34.8,21.5,6.4,79.0
35.4,20.4,8.8,75.5
37.1,20.9,9.9,66.75
35.6,22.0,5.5,69.0
38.0,21.1,9.4,66.0
34.6,21.0,4.8,82.5
34.5,21.0,4.4,81.75
33.9,20.1,5.4,78.75
32.1,20.0,3.0,82.5
30.3,22.0,1.3,88.75
30.9,22.0,1.3,92.5
25.7,21.2,NaN,92.0
32.1,20.2,4.0,75.5
30.6,18.5,2.2,86.25
34.6,20.6,7.9,70.5
33.4,20.0,3.7,79.5
33.2,21.5,2.4,81.75
34.8,21.5,3.7,81.0
33.7,20.2,3.7,84.75
33.8,21.0,8.0,79.25
35.4,21.5,6.5,77.75
33.3,20.4,5.6,80.75
31.8,21.2,3.4,87.75
33.8,20.1,6.5,79.25
31.8,19.9,1.8,79.75
34.1,20.9,5.3,79.0
34.3,20.9,5.3,79.25
33.3,21.2,3.5,80.25
35.2,20.5,3.3,79.25
34.8,21.4,3.6,79.25
36.7,20.2,9.3,69.0
36.9,21.2,8.7,70.5
32.6,21.4,6.2,81.25
32.4,20.5,4.6,78.25
34.1,20.9,5.4,73.5
35.8,21.8,6.3,70.75
28.3,20.6,NaN,90.75
34.9,20.6,6.3,77.5
36.4,21.7,6.7,70.75
34.5,22.0,3.2,92.25
36.0,20.5,8.7,76.75
30.1,21.1,NaN,87.75
34.8,19.6,8.5,78.75
33.2,22.7,3.0,85.0
29.4,22.2,0.1,84.5
32.6,20.3,3.5,86.0
32.2,20.8,1.5,82.25
33.9,21.4,6.7,84.25
26.7,21.6,NaN,91.25
33.9,20.7,3.9,83.25
34.8,22.5,5.4,80.75
34.3,21.9,5.9,77.0
35.4,22.2,6.8,77.75
33.4,21.0,4.1,79.75
34.3,20.6,8.2,77.75
35.2,21.4,6.8,75.0
34.9,21.2,8.2,74.5
33.7,22.1,2.1,81.5
35.1,20.4,8.9,75.5
35.8,21.9,7.7,73.5
36.2,22.3,6.9,70.75
33.5,21.3,6.4,81.0
36.8,22.3,9.4,72.75
35.7,22.4,9.0,71.5
34.7,22.6,5.7,77.0
31.7,21.4,6.7,83.5
33.2,20.8,6.2,84.75
32.7,21.7,5.3,79.0
34.4,21.4,5.9,80.5
33.8,22.3,4.6,85.5
34.2,22.1,6.8,82.0
32.3,22.6,4.0,85.5
31.8,21.7,1.5,88.5
34.4,21.8,6.1,83.75
33.6,21.8,6.4,81.25
34.2,22.1,6.4,82.0
35.2,20.0,9.5,75.0
35.4,21.8,9.5,77.0
33.8,21.8,8.0,79.5
34.2,22.0,6.9,82.0
35.4,21.7,9.0,74.0
32.7,22.2,2.0,80.75
34.8,21.9,7.0,77.25
35.2,21.8,7.9,66.5
34.8,22.3,6.6,78.5
33.1,22.1,1.9,85.75
35.0,21.2,8.6,76.5
28.0,21.8,2.1,84.0
30.9,18.6,6.3,80.5
32.5,16.8,9.3,74.0
33.9,18.2,9.3,70.75
35.2,19.2,9.5,66.75
35.1,19.8,8.8,71.75
34.0,18.4,9.4,69.25
33.8,17.6,9.3,68.5
35.0,20.0,7.6,68.5
35.6,19.5,9.5,69.25
35.8,20.0,9.5,70.25
36.0,20.2,9.1,71.5
35.7,20.7,8.5,69.75
33.5,21.7,5.7,79.75
29.6,20.7,3.2,84.5
30.5,19.6,0.3,85.75
33.8,19.6,7.3,75.5
34.1,18.9,7.9,74.0
32.7,21.0,2.1,81.0
33.9,20.2,8.3,76.25
33.0,19.8,7.1,77.0
34.1,21.2,7.0,77.25
27.3,20.6,1.2,91.5
33.8,19.0,9.1,79.0
34.1,19.2,5.8,72.75
34.5,20.9,7.1,80.0
34.3,20.7,0.7,78.75
35.2,20.8,8.9,77.0
33.9,21.0,7.0,74.25
34.6,18.9,9.2,75.25
35.7,19.4,9.3,71.5
36.0,19.7,8.9,69.0
35.5,20.0,9.4,69.75
36.4,19.4,NaN,66.0
36.3,19.2,8.2,70.0
33.2,21.2,2.7,81.25
33.5,19.7,5.0,85.75
34.1,20.7,6.5,81.25
28.9,18.5,4.0,79.0
31.0,15.2,7.3,77.75
32.8,16.1,8.3,77.75
35.2,19.2,9.0,70.5
35.0,19.1,7.2,72.5
35.3,18.8,9.4,67.0
35.5,18.4,8.9,63.25
36.0,18.5,7.5,64.75
35.6,19.1,6.5,71.0
36.0,18.1,9.2,64.75
35.5,16.5,9.2,67.25
34.8,18.0,8.0,71.5
33.6,19.7,5.9,76.5
35.6,19.2,8.0,75.75
33.6,20.2,4.0,82.0
33.3,20.0,4.6,87.5
33.9,19.5,8.3,76.0
35.6,19.2,9.4,67.75
35.0,19.0,9.1,64.5
35.0,18.7,9.5,63.5
34.4,17.9,8.8,60.25
34.6,16.2,9.5,59.5
34.0,15.2,9.4,59.25
35.5,16.8,9.5,61.0
36.0,18.7,9.4,62.0
35.3,15.2,9.5,52.0
35.4,16.1,9.4,48.0
36.2,15.5,9.0,54.0
35.7,15.6,9.5,53.25
35.5,16.1,9.6,51.75
36.6,15.7,9.6,53.0
37.6,15.7,9.6,49.0
39.3,17.0,9.6,43.0
NaN,17.4,NaN,NaN
36.8,19.8,9.5,45.75
37.0,15.8,9.5,47.25
37.0,16.0,9.3,56.0
35.8,17.8,9.5,45.25
36.1,15.5,9.5,47.25
37.7,17.3,9.2,48.0
38.2,19.2,9.0,47.75
36.8,17.8,9.7,49.5
37.5,16.6,9.7,48.25
36.5,18.1,9.2,48.75
37.2,22.0,6.8,42.5
36.0,18.9,9.1,48.25
36.5,16.2,9.4,45.5
37.6,18.8,9.3,44.0
37.3,19.0,8.8,48.25
36.4,17.8,7.5,51.0
36.4,18.7,7.8,54.0
35.0,16.1,7.9,53.25
35.8,17.2,9.5,48.0
37.0,16.5,8.3,51.75
38.9,18.9,9.1,45.25
39.1,17.2,8.9,42.75
39.4,18.1,7.9,56.25
39.7,20.3,8.9,54.25
40.1,20.3,9.1,48.25
40.8,18.6,8.2,46.5
39.1,17.0,9.2,43.25
39.4,16.8,9.2,45.0
38.4,19.0,8.4,47.5
39.4,16.4,8.0,49.0
39.5,18.3,6.0,43.5
40.2,17.6,8.9,43.5
40.5,16.8,5.9,45.5
39.5,19.8,6.6,54.0
40.1,23.2,5.9,57.5
40.8,21.0,8.0,53.75
39.6,22.3,6.7,58.25
38.8,20.6,7.6,60.75
40.3,22.0,5.7,56.75
37.7,22.4,5.4,64.75
38.4,21.6,6.7,67.5
35.5,21.7,3.3,76.0
38.0,21.2,4.9,59.75
35.6,12.7,5.0,77.25
37.5,20.9,7.2,64.25
37.8,22.8,5.5,64.75
35.4,20.7,3.8,77.0
30.7,20.5,1.8,74.0
37.5,17.4,9.9,63.0
39.8,20.0,9.9,52.75
37.2,22.9,5.1,65.75
37.1,21.0,5.8,68.5
37.6,21.5,7.9,64.0
35.1,22.2,7.4,65.75
38.4,21.6,8.0,65.25
32.6,21.0,2.5,80.0
36.6,21.0,6.9,67.0
37.9,21.8,7.0,64.0
39.1,21.6,9.3,61.75
36.5,23.5,7.3,67.5
37.8,21.9,7.4,62.5
34.8,21.8,5.7,79.0
32.3,21.1,3.4,82.0
33.5,21.7,4.1,78.0
38.0,22.6,9.1,63.25
35.0,22.4,4.2,75.0
34.8,21.2,4.4,82.5
36.0,22.5,8.6,78.5
34.1,21.2,5.6,78.75
35.4,21.3,7.1,71.0
36.2,21.2,8.2,65.5
37.0,22.5,8.2,65.75
35.2,22.1,2.6,72.5
37.5,22.7,9.3,57.5
38.2,23.9,8.4,61.75
35.8,21.8,5.4,74.75
36.6,23.4,7.9,71.25
34.3,21.2,3.7,74.75
37.7,21.7,7.8,69.75
38.0,22.0,9.8,65.0
39.8,22.8,10.0,60.25
38.6,24.0,8.5,71.0
37.4,22.5,9.3,73.25
37.2,22.8,7.1,71.25
35.9,22.3,3.1,79.5
33.3,21.8,3.5,80.5
30.7,22.8,NaN,89.75
30.2,22.4,1.3,95.5
33.3,21.2,5.5,91.25
34.1,21.8,5.6,75.75
35.3,22.0,4.4,79.25
34.6,22.5,2.4,81.0
32.4,22.6,3.2,91.25
32.4,20.8,2.7,85.75
32.1,22.7,4.4,87.5
32.9,22.3,2.2,86.25
33.8,22.6,2.9,84.25
33.8,22.9,4.2,83.0
32.5,23.1,2.3,84.25
34.2,21.6,8.5,72.75
35.2,22.9,7.4,73.25
30.8,22.6,2.2,87.25
35.5,22.1,4.4,69.0
32.9,22.0,3.7,87.0
32.7,22.8,2.9,84.75
32.8,22.8,2.3,90.0
35.7,22.1,4.4,80.5
35.5,21.9,4.6,80.0
34.4,23.4,4.9,84.25
34.1,23.3,6.9,79.5
28.5,23.1,0.1,89.5
34.0,20.8,6.3,79.25
27.8,23.3,NaN,92.25
33.7,21.5,7.4,78.5
33.7,23.1,3.6,82.25
32.2,22.4,2.8,90.25
26.3,21.7,NaN,95.0
31.6,21.7,4.9,85.0
30.5,21.8,0.6,89.75
35.6,21.4,5.6,80.25
35.8,21.2,8.5,75.5
36.1,22.0,10.0,70.25
36.9,22.4,10.2,70.5
30.7,21.3,0.6,81.75
33.7,23.6,4.2,80.5
30.3,22.2,0.6,87.5
32.7,22.0,5.8,83.0
33.8,22.8,5.6,81.25
34.4,21.6,6.0,79.5
35.0,21.6,6.2,77.0
36.7,21.8,10.1,72.0
36.2,22.2,6.4,73.25
34.9,21.5,5.4,76.25
37.1,20.6,8.1,71.25
35.4,22.0,5.6,83.5
34.6,20.2,7.2,78.25
36.0,20.4,8.9,70.75
35.0,19.8,9.0,75.0
34.7,21.3,5.5,73.75
35.0,22.0,9.3,79.5
32.3,20.9,2.3,86.75
34.5,22.2,6.2,80.5
34.9,21.6,7.7,78.0
35.4,22.0,7.4,81.5
35.4,21.9,7.4,78.5
35.3,22.5,7.1,74.75
33.4,22.4,5.6,80.5
35.2,22.7,6.2,76.75
33.7,21.9,5.8,83.5
32.8,22.0,1.8,89.0
34.8,22.2,5.5,81.75
35.9,21.2,8.3,74.0
32.0,23.6,3.1,86.0
28.7,22.2,0.8,94.5
32.0,22.3,1.2,87.5
25.1,22.1,NaN,96.5
25.7,22.0,NaN,94.5
26.9,21.7,NaN,93.25
27.7,21.4,0.7,90.0
27.8,21.8,0.3,92.5
34.5,21.5,4.1,79.0
34.4,22.2,8.0,79.0
32.3,22.6,2.2,87.25
32.4,23.3,5.2,83.25
27.6,22.0,0.4,95.5
32.5,21.4,4.5,85.5
34.7,22.1,6.7,82.0
32.8,22.6,2.7,85.75
29.4,22.3,0.3,92.0
29.8,22.2,0.9,92.75
34.8,21.0,7.6,83.0
32.6,22.4,2.5,93.25
31.8,22.8,1.3,89.25
30.7,22.6,1.4,93.0
32.4,22.4,1.7,91.25
26.2,21.9,NaN,95.25
32.6,22.0,3.6,88.25
34.7,21.8,5.0,80.0
32.7,21.7,2.3,89.0
33.4,21.6,2.1,84.0
31.2,22.4,0.5,86.5
29.0,21.9,NaN,89.0
28.1,21.1,NaN,91.25
25.9,21.6,NaN,94.5
27.3,21.2,0.1,93.5
34.6,20.2,3.5,83.0
35.8,20.6,4.3,85.25
34.7,20.6,6.3,88.5
36.2,19.6,7.7,80.0
36.1,21.4,7.4,75.25
36.8,21.8,9.1,79.75
35.8,21.2,9.2,76.75
35.2,22.1,5.9,75.25
36.6,21.7,8.5,68.25
35.9,21.4,7.7,75.5
38.0,23.2,8.6,70.5
36.8,22.4,7.6,70.5
34.1,22.8,5.8,82.0
28.3,20.9,0.2,93.25
32.2,21.0,1.7,84.5
35.4,21.9,5.5,78.5
33.9,21.8,5.1,85.25
34.2,22.0,3.5,80.75
33.2,21.6,1.9,82.5
36.5,22.0,7.2,71.0
35.4,22.0,4.5,80.75
36.9,23.0,4.1,74.25
33.4,22.2,2.1,75.5
37.6,NaN,8.7,72.0
35.6,NaN,5.9,82.0
33.9,21.4,5.7,83.0
37.3,22.7,8.9,72.25
35.9,22.8,7.0,78.75
37.8,23.4,8.9,74.0
37.3,23.1,9.7,68.0
33.8,23.8,4.6,79.75
33.6,22.2,3.4,83.25
34.4,21.9,3.3,87.0
33.2,22.0,3.4,90.0
34.0,22.9,5.1,79.0
28.9,22.2,0.2,91.0
31.8,21.9,3.7,92.75
30.4,22.5,2.0,90.0
31.7,22.1,2.1,88.25
31.8,22.0,2.2,93.5
31.9,22.6,2.7,91.75
32.8,20.4,6.2,81.5
31.8,21.7,4.2,86.25
28.7,21.3,NaN,93.0
32.7,22.0,6.2,84.75
32.1,22.4,2.7,87.0
34.9,21.7,7.3,82.0
31.3,22.6,4.3,86.25
33.7,22.7,4.0,85.75
34.5,22.6,6.1,77.5
34.6,22.4,8.1,78.0
32.8,23.2,2.9,84.75
35.4,22.0,7.4,79.5
34.8,22.5,6.6,84.75
32.4,22.5,2.1,92.75
34.2,20.1,7.8,87.25
34.3,20.7,7.4,82.5
32.1,22.8,5.9,85.0
33.8,20.2,6.5,83.75
33.0,22.2,4.4,84.5
34.8,22.9,5.8,81.5
34.1,22.7,6.3,89.5
31.0,20.3,2.3,86.25
34.0,21.2,7.8,79.25
33.6,22.4,5.8,83.5
32.4,21.9,4.0,81.75
33.5,20.5,4.1,85.5
31.8,20.8,4.9,83.25
31.6,19.9,5.3,73.25
30.8,20.4,0.5,84.5
29.4,20.2,1.1,86.25
30.8,21.0,2.1,80.0
26.6,20.4,0.1,87.5
28.7,19.8,0.6,88.0
27.4,20.6,NaN,90.0
33.2,21.1,3.5,82.25
34.3,22.5,6.4,77.25
35.4,21.2,8.0,77.5
34.5,20.8,7.9,76.5
35.2,22.1,8.8,76.25
35.0,20.2,9.1,72.5
35.4,19.6,8.9,72.5
35.8,20.2,9.2,75.25
34.7,20.3,9.2,75.5
35.1,20.8,7.6,76.25
33.4,22.1,5.9,80.25
31.6,20.0,4.8,73.25
33.7,19.3,8.6,75.5
34.7,19.0,9.0,79.75
34.3,21.7,8.5,79.5
33.0,21.9,10.0,78.0
35.4,20.7,9.5,76.25
35.3,21.2,8.0,75.0
34.9,21.2,NaN,75.25
35.2,20.5,9.2,72.0
35.5,20.8,8.9,72.5
35.0,19.5,9.1,72.5
36.1,19.8,9.2,66.5
36.5,19.9,9.4,66.0
35.7,19.1,9.3,69.25
35.1,18.8,9.2,70.5
35.1,20.2,8.6,68.5
34.4,19.9,8.2,73.5
33.5,19.4,8.8,74.25
34.7,19.2,8.7,75.5
35.3,19.5,8.5,73.75
35.4,21.0,7.7,72.0
34.1,21.8,4.8,78.75
34.2,21.3,2.6,86.25
33.2,20.6,3.3,83.75
34.1,20.1,9.4,70.0
35.0,21.0,8.2,70.0
32.2,21.7,6.5,80.75
32.4,19.4,6.1,76.25
34.1,20.5,9.3,73.0
34.9,19.6,9.0,73.0
32.8,20.8,5.9,76.5
34.2,20.4,9.3,74.25
25.1,21.1,8.6,73.75
34.7,19.7,9.5,70.0
34.5,19.2,8.5,69.25
34.1,19.2,9.4,69.0
33.8,17.8,9.5,67.75
34.8,17.8,9.5,66.0
34.9,17.8,7.9,71.5
35.5,18.6,9.2,69.5
35.1,19.7,7.0,69.0
36.0,19.2,7.0,70.5
35.8,18.9,9.3,67.5
36.0,17.9,9.5,66.25
36.4,17.4,9.3,68.25
36.2,18.4,9.5,69.25
36.4,20.0,9.2,68.25
36.9,20.0,9.1,65.0
36.2,20.4,8.8,67.5
35.6,20.3,9.2,66.5
35.6,20.5,8.9,66.5
36.0,18.9,9.3,62.0
36.9,18.4,8.7,64.25
36.6,18.4,9.4,69.0
37.4,18.0,9.1,64.5
35.8,21.1,8.9,68.25
35.8,17.8,9.5,64.25
36.0,17.2,9.4,61.5
35.3,18.1,9.4,63.0
35.2,18.2,9.4,63.25
35.3,17.6,8.9,63.0
35.2,17.2,9.4,60.75
35.6,15.4,9.4,55.75
36.1,19.1,7.9,61.75
35.3,17.9,9.4,60.0
34.8,16.4,9.4,59.75
38.1,18.1,8.2,55.5
38.0,18.6,9.5,52.0
37.0,18.3,9.4,48.0
36.5,17.2,9.0,53.25
37.2,15.0,9.5,53.25
36.0,15.8,9.6,51.25
37.1,14.9,9.6,53.0
37.1,15.2,9.6,49.0
38.0,16.5,9.6,43.0
38.2,17.7,8.1,42.75
32.4,16.7,9.5,45.75
35.0,12.3,9.5,47.25
36.8,15.5,9.3,45.5
37.9,17.8,9.5,44.75
31.2,22.7,9.5,47.25
32.4,13.7,9.2,48.0
37.6,15.1,9.6,47.75
38.7,19.7,9.7,48.75
37.3,20.1,9.7,48.25
38.8,20.0,9.2,48.75
37.7,18.2,6.8,42.5
38.7,18.9,9.1,48.25
38.1,19.0,9.4,45.5
38.8,17.5,9.3,44.0
39.6,20.1,8.8,48.25
40.2,21.2,7.5,49.5
32.2,17.1,7.8,54.0
31.2,12.5,9.7,52.0
34.8,13.6,9.7,51.0
37.9,15.4,9.1,45.5
38.4,18.4,8.8,54.75
38.2,19.7,8.2,58.25
39.3,20.0,8.7,56.25
39.3,20.0,8.5,55.25
31.3,22.4,0.4,74.5
35.1,20.9,5.2,61.5
38.4,21.6,7.8,56.75
31.8,22.4,2.7,76.5
29.4,20.6,1.3,85.0
36.5,19.4,7.4,67.0
35.3,21.1,2.8,63.75
37.4,20.1,7.2,56.0
38.7,18.6,9.7,49.75
35.8,20.8,2.1,61.0
38.2,18.0,9.1,49.75
40.1,18.2,9.6,49.75
40.2,19.6,9.2,52.25
40.1,21.8,7.5,55.5
36.4,24.2,3.6,84.25
31.0,19.2,6.6,80.75
36.2,21.9,5.1,70.75
39.3,21.2,4.3,77.75
38.3,21.0,8.9,60.5
39.3,22.1,9.5,61.5
39.8,21.0,8.6,56.75
30.7,19.4,4.7,65.5
34.7,17.2,9.4,62.5
39.5,18.4,9.5,52.25
39.9,21.3,7.1,53.25
35.9,22.0,2.0,65.75
40.5,22.6,9.2,59.75
39.4,22.5,8.4,58.75
37.2,22.6,6.7,63.5
40.3,21.6,8.8,56.0
40.3,22.5,9.1,57.0
39.0,22.1,5.7,73.75
35.6,21.7,4.1,79.75
33.1,23.3,1.0,87.5
33.9,20.9,5.0,76.0
37.2,21.7,7.1,64.75
35.7,22.2,1.8,79.0
34.6,21.5,3.0,79.5
34.8,22.3,2.8,77.0
35.6,21.0,4.2,80.0
NaN,22.1,NaN,NaN
38.1,21.3,7.6,68.0
38.0,21.9,6.9,72.5
31.0,21.8,4.0,77.75
36.0,21.8,6.9,64.0
36.5,22.4,6.8,75.5
33.4,22.5,3.1,77.0
35.1,22.4,5.0,68.25
36.6,22.3,8.7,64.5
32.4,21.4,2.6,83.25
36.6,21.6,7.0,71.75
36.2,21.1,7.2,70.25
33.9,21.4,4.8,80.25
38.4,21.5,9.6,60.75
36.1,22.4,7.0,72.5
33.4,21.8,2.3,84.75
37.5,21.2,9.3,69.5
29.7,22.4,0.5,84.25
33.1,22.6,2.4,78.0
32.0,22.4,1.4,82.0
29.0,21.7,1.5,89.75
35.4,21.0,6.1,69.0
33.9,22.6,3.5,78.75
29.0,21.7,0.3,88.25
30.4,21.6,1.0,88.25
30.4,21.4,0.6,83.75
32.3,21.4,2.4,88.75
37.2,19.2,8.7,73.0
36.0,22.0,9.2,75.5
36.6,23.5,7.0,80.0
29.4,20.3,1.5,87.25
35.6,20.8,8.2,73.75
37.3,22.5,10.2,65.0
35.0,22.1,5.4,82.75
32.0,21.5,4.1,78.75
31.6,21.6,4.9,88.5
32.6,22.5,2.3,88.0
34.8,21.1,9.5,77.25
34.7,22.8,4.8,81.25
30.1,21.2,1.0,86.5
34.8,22.2,4.7,81.25
32.6,22.7,2.5,88.25
30.5,21.7,1.4,92.25
28.1,21.5,1.1,91.25
33.8,21.2,4.0,95.0
32.1,21.9,4.1,88.75
32.9,20.2,5.4,88.25
34.9,21.6,8.9,73.25
32.9,22.7,5.5,83.5
34.5,22.5,4.4,79.5
34.4,22.1,6.1,77.25
32.4,22.8,1.7,86.5
34.7,22.4,7.4,78.5
36.1,22.3,9.4,75.5
35.4,23.0,7.7,79.5
33.7,21.3,3.0,83.5
33.0,22.1,6.6,83.0
32.8,21.6,4.3,86.25
32.3,22.4,3.5,81.75
34.3,22.4,6.7,80.75
33.7,22.1,2.3,87.25
31.8,21.6,2.2,88.75
33.1,21.7,5.0,81.75
29.7,21.8,2.9,89.5
32.2,22.7,1.4,91.5
30.8,22.0,1.9,89.75
30.5,22.3,2.8,86.75
25.9,21.7,NaN,93.0
32.2,21.7,4.5,84.75
27.5,21.7,NaN,94.25
29.9,21.6,1.6,88.75
25.3,20.8,NaN,94.75
32.5,20.5,4.4,85.0
32.5,21.3,4.4,81.5
34.9,20.0,9.0,77.5
35.2,22.1,7.8,79.5
33.4,22.5,5.6,84.25
31.4,22.2,2.9,86.5
32.4,22.9,0.7,89.5
32.9,22.1,2.6,83.0
34.4,21.9,4.8,78.75
35.4,21.5,8.9,75.0
34.8,22.8,6.1,81.5
32.2,20.8,2.4,95.75
33.9,20.3,5.0,81.75
32.8,21.7,6.5,79.0
33.6,20.7,3.9,81.0
34.0,21.1,7.2,78.5
34.8,21.1,6.7,79.5
33.0,20.9,4.5,80.0
32.2,20.7,4.2,80.5
33.4,20.6,6.6,78.0
35.0,20.9,9.3,76.0
32.6,22.0,4.0,90.0
34.6,20.6,7.0,81.25
33.9,21.9,3.2,85.5
34.0,21.9,5.5,81.25
33.7,22.4,4.1,83.0
32.5,22.3,3.6,89.0
31.5,21.0,3.5,82.25
30.6,21.4,1.9,86.0
25.0,21.7,NaN,94.75
32.8,21.1,2.0,85.0
35.4,21.8,NaN,96.75
29.8,20.2,2.4,89.0
28.4,21.5,NaN,88.75
31.0,20.1,1.6,82.0
33.2,20.3,5.2,84.25
34.7,19.6,7.9,73.25
34.3,20.4,9.1,76.0
34.0,20.8,4.2,83.25
35.4,20.2,7.1,77.0
34.6,NaN,7.6,74.0
34.0,22.6,3.2,78.0
28.1,20.0,NaN,87.0
36.3,21.3,8.0,71.25
37.3,21.5,9.2,78.25
35.3,20.8,9.7,73.75
32.6,20.5,3.3,82.75
36.3,21.1,6.1,75.5
33.9,22.2,2.0,78.25
34.2,21.9,3.8,81.5
33.1,21.1,2.8,84.25
25.3,21.9,NaN,93.75
34.0,21.0,5.1,84.5
28.9,21.6,0.4,94.0
30.5,21.1,2.5,86.5
30.6,21.9,0.7,88.75
29.0,21.8,0.2,94.25
28.9,22.0,0.4,88.5
30.8,22.0,1.3,86.0
26.8,22.5,NaN,95.25
32.2,21.5,2.7,84.25
33.5,21.9,5.8,77.75
28.9,20.9,0.1,89.5
34.6,22.2,5.2,77.25
36.6,21.6,7.9,74.0
32.2,23.6,1.6,84.5
33.0,21.6,3.0,82.75
32.4,21.2,3.5,84.5
30.2,22.8,1.9,86.0
33.4,20.8,5.1,83.5
33.7,21.3,5.1,78.5
34.0,21.6,4.1,84.25
34.0,22.0,4.2,87.0
32.0,22.0,1.9,85.5
30.5,22.7,8.8,88.25
33.4,22.0,6.0,82.5
32.9,23.0,2.8,84.75
35.3,21.8,5.0,84.0
34.9,22.4,7.5,76.0
33.5,22.2,5.3,83.75
36.0,21.7,8.3,73.0
32.7,22.1,3.5,88.0
34.5,21.6,7.5,77.25
35.3,21.8,7.7,76.25
35.6,22.0,6.9,74.5
36.6,22.8,8.9,70.25
34.8,22.5,6.1,74.5
36.5,22.0,5.5,78.5
35.2,22.0,4.9,75.25
32.6,22.0,3.4,80.75
31.6,20.0,0.4,87.0
34.3,21.2,3.2,80.25
33.9,22.6,7.3,78.75
33.3,21.0,3.0,86.5
32.8,21.4,3.2,83.0
32.7,21.4,2.0,85.25
32.1,21.6,5.2,84.75
33.9,21.5,3.9,82.5
33.5,21.6,6.2,78.25
36.3,22.3,8.1,81.75
32.0,21.9,3.8,86.0
33.6,20.8,6.7,83.0
32.5,21.7,5.3,85.0
34.9,21.6,5.5,82.75
35.3,21.6,9.3,74.25
35.5,22.0,9.1,75.0
33.8,22.7,7.4,80.75
32.4,22.6,3.7,89.25
31.3,22.2,2.3,90.0
35.3,21.5,8.1,79.75
33.9,21.8,4.4,81.5
34.8,21.6,7.6,76.25
33.4,22.7,5.0,86.0
34.8,20.1,8.6,76.0
33.0,21.0,3.7,81.25
32.4,21.6,4.2,87.25
33.3,21.2,3.3,83.0
35.6,21.0,9.3,76.25
32.9,22.2,5.3,83.25
33.0,22.2,5.6,80.75
30.2,21.8,3.5,89.0
33.1,20.3,6.1,81.5
34.1,21.5,7.8,75.75
32.8,21.7,6.6,76.25
32.8,22.5,3.3,84.5
33.8,20.6,7.4,82.5
34.4,20.7,9.2,78.75
33.5,18.2,9.3,72.5
