hora,temperatura,umidade,pto_orvalho,pressao,radiacao,vento
0,23.8,72.0,18.6,955.4,-3.54,1.2
1,NaN,70.0,18.0,955.7,-3.48,0.9
2,22.8,77.0,18.5,955.7,-3.54,0.6
3,23.0,76.0,18.6,955.4,-3.54,1.0
4,21.9,83.0,18.9,954.8,-3.54,0.0
5,21.4,87.0,19.0,954.2,-3.54,0.3
6,21.0,87.0,18.8,954.4,-3.54,0.2
7,20.5,90.0,18.8,954.4,-3.54,0.0
8,20.6,90.0,18.8,954.8,-3.54,0.0
9,21.2,86.0,18.7,955.4,56.23,1.3
10,25.7,71.0,20.1,956.0,817.2,0.0
11,27.7,60.0,19.2,NaN,1781.0,1.8
12,29.4,44.0,16.1,NaN,2147.0,1.1
13,31.3,40.0,16.1,NaN,3368.0,1.5
14,31.5,35.0,14.1,NaN,3174.0,2.1
15,32.1,34.0,14.1,NaN,4055.0,2.2
16,34.7,34.0,16.3,NaN,3640.0,1.6
17,NaN,34.0,15.3,NaN,2945.0,3.1
18,32.5,36.0,15.5,NaN,2425.0,2.0
19,23.8,79.0,19.8,954.0,198.9,2.4
20,NaN,86.0,21.2,953.8,141.0,1.3
21,24.0,84.0,21.2,953.9,126.8,1.1
22,24.2,79.0,20.3,954.6,0.9420000000000001,0.8
23,NaN,NaN,NaN,NaN,NaN,NaN
0,26.0,63.0,18.5,955.8,-2.39,2.2
1,24.5,74.0,19.5,956.2,-1.87,0.8
2,NaN,73.0,19.7,956.2,-3.27,0.7
3,NaN,80.0,20.5,955.4,-3.19,0.0
4,23.8,80.0,20.1,955.1,-3.06,0.0
5,23.7,81.0,20.3,954.6,-3.34,0.8
6,23.5,84.0,20.5,954.3,-3.16,0.0
7,23.1,87.0,20.9,954.8,-3.46,0.0
8,23.3,83.0,20.4,954.8,-3.27,0.7
9,23.5,83.0,20.5,955.1,75.13,0.0
10,25.1,78.0,21.0,955.8,412.7,0.0
11,27.0,71.0,21.2,956.3,905.0,0.1
12,28.4,61.0,20.1,956.2,1354.0,0.9
13,30.5,49.0,18.6,955.7,3003.0,1.1
14,30.6,45.0,17.5,955.2,1956.0,1.2
15,32.2,40.0,16.7,954.1,3389.0,1.0
16,33.0,40.0,17.4,952.8,1968.0,1.3
17,29.9,53.0,19.3,951.8,1168.0,2.4
18,32.4,50.0,20.5,950.6,1343.0,0.2
19,29.2,57.0,19.9,950.8,1509.0,2.1
20,28.3,56.0,18.8,950.9,506.7,1.1
21,27.7,63.0,20.0,950.8,141.7,0.0
22,26.7,70.0,20.7,952.0,-3.46,0.2
23,NaN,62.0,19.2,953.0,-3.29,2.2
0,26.1,65.0,19.0,953.7,-3.12,1.4
1,25.8,66.0,18.9,954.3,-3.36,2.3
2,24.9,69.0,18.9,953.7,-3.35,4.5
3,23.6,77.0,19.3,953.0,-3.49,2.2
4,NaN,85.0,20.2,952.1,-3.53,0.6
5,22.4,89.0,20.4,951.3,-3.43,0.1
6,NaN,87.0,20.2,951.1,-2.64,0.5
7,22.8,84.0,20.0,952.3,-2.8,1.5
8,22.2,88.0,20.1,952.5,-3.07,0.0
9,22.9,84.0,20.2,952.9,48.61,0.1
10,23.3,84.0,20.5,953.9,360.2,1.9
11,24.6,75.0,19.9,955.3,874.7,3.0
12,25.5,71.0,19.8,955.6,742.9,0.6
13,NaN,68.0,20.2,955.2,857.0,0.8
14,26.4,70.0,20.4,954.4,746.2,0.8
15,26.4,68.0,20.0,953.6,1014.0,0.6
16,28.6,61.0,20.3,952.4,2094.0,2.0
17,30.3,57.0,20.8,951.3,2249.0,1.4
18,NaN,58.0,20.3,950.3,1855.0,0.4
19,29.5,57.0,20.2,949.6,1582.0,1.3
20,29.4,58.0,20.3,949.4,480.1,1.2
21,NaN,63.0,20.6,949.5,230.5,0.4
22,26.9,66.0,20.0,950.3,-3.54,0.0
23,25.6,75.0,20.9,951.4,-3.54,1.2
0,24.6,78.0,20.5,952.3,-3.54,0.0
1,24.5,81.0,20.9,953.3,-3.35,0.0
2,24.1,81.0,20.6,952.9,-3.29,0.0
3,24.0,82.0,20.7,952.4,-3.21,0.0
4,23.7,83.0,20.7,951.9,-3.36,0.0
5,23.6,84.0,20.8,951.3,-3.07,0.3
6,23.0,87.0,20.7,951.1,-3.53,0.0
7,22.7,87.0,20.4,951.4,-3.39,0.8
8,NaN,88.0,20.3,951.9,-3.54,0.3
9,23.2,84.0,20.5,952.8,70.71,0.6
10,NaN,70.0,21.4,953.2,866.1,0.1
11,28.4,65.0,21.1,953.7,944.6,0.0
12,29.3,59.0,20.6,954.0,1377.0,1.3
13,NaN,55.0,20.0,953.8,2090.0,1.7
14,31.7,50.0,20.0,953.2,3371.0,2.4
15,31.2,45.0,17.8,952.5,3407.0,2.6
16,NaN,55.0,18.9,951.5,2863.0,4.6
17,30.3,52.0,19.3,950.5,3743.0,4.3
18,NaN,61.0,19.0,950.1,2724.0,6.5
19,NaN,63.0,19.2,949.2,1459.0,5.5
20,NaN,62.0,19.3,950.8,238.7,1.1
21,NaN,61.0,18.2,951.4,19.5,0.1
22,26.0,68.0,19.6,952.2,-3.51,0.3
23,25.0,78.0,20.9,953.4,-3.53,1.0
0,24.8,80.0,21.0,954.0,-3.3,0.3
1,24.4,80.0,20.6,954.9,-3.39,1.4
2,24.1,82.0,20.8,954.9,-3.42,0.0
3,23.8,85.0,21.1,954.5,-3.53,0.4
4,23.5,90.0,21.8,954.2,-3.35,0.0
5,NaN,91.0,21.9,953.8,-3.07,0.1
6,23.3,89.0,21.4,953.4,-3.52,0.0
7,23.0,91.0,21.5,953.4,-3.52,0.1
8,23.5,82.0,20.3,953.8,-3.41,0.7
9,23.3,85.0,20.7,954.3,31.48,0.1
10,NaN,74.0,20.1,954.5,377.1,1.6
11,26.4,66.0,19.6,954.8,978.5,2.4
12,27.0,64.0,19.7,954.9,1032.0,2.0
13,30.5,56.0,20.6,955.4,2621.0,0.7
14,32.1,50.0,20.5,955.2,3358.0,1.9
15,32.2,48.0,19.8,954.5,2657.0,2.2
16,31.1,49.0,19.0,953.3,2647.0,2.3
17,24.4,83.0,21.3,953.2,450.0,3.2
18,25.8,83.0,22.7,952.4,568.9,0.8
19,27.0,80.0,23.3,952.0,1013.0,1.6
20,28.1,73.0,22.7,952.2,994.9,2.1
21,NaN,71.0,21.3,952.9,94.59,1.6
22,25.1,68.0,18.7,953.7,-3.28,5.9
23,24.5,71.0,18.9,955.1,-3.28,4.5
0,24.3,71.0,18.8,955.6,-3.06,3.0
1,23.7,74.0,18.8,955.9,-3.4,0.8
2,23.2,79.0,19.3,955.8,-3.38,0.0
3,22.9,81.0,19.5,955.5,-3.53,0.0
4,22.2,85.0,19.5,955.4,-3.54,0.5
5,21.6,87.0,19.2,955.1,-3.54,0.5
6,22.1,84.0,19.2,955.4,-3.49,0.7
7,21.6,87.0,19.4,955.5,-3.47,0.0
8,NaN,89.0,19.3,955.6,-3.53,0.1
9,21.6,88.0,19.5,956.2,58.75,0.0
10,25.1,72.0,19.8,956.6,780.1,0.0
11,26.0,67.0,19.5,957.0,1016.0,0.0
12,26.9,66.0,19.9,957.3,1460.0,0.9
13,30.5,52.0,19.7,957.2,3240.0,0.5
14,33.5,43.0,19.3,956.9,3431.0,1.5
15,NaN,39.0,17.4,956.3,3120.0,0.1
16,NaN,34.0,16.5,955.0,3483.0,1.7
17,30.8,48.0,18.4,954.4,2057.0,3.9
18,27.1,59.0,18.3,954.5,287.1,0.9
19,26.5,68.0,20.1,953.7,277.7,1.0
20,28.7,57.0,19.4,953.6,860.1,0.5
21,27.0,65.0,19.8,953.9,174.0,0.0
22,25.8,72.0,20.4,954.1,-3.54,0.6
23,24.9,76.0,20.5,954.8,-3.54,0.0
0,24.6,75.0,19.8,954.8,-3.54,0.8
1,24.0,77.0,19.8,955.4,-3.54,0.2
2,23.2,80.0,19.6,955.1,-3.54,0.0
3,22.4,84.0,19.5,953.8,-3.54,0.0
4,22.1,84.0,19.2,953.1,-3.54,0.0
5,22.1,82.0,19.0,952.9,-3.52,0.0
6,21.5,82.0,18.2,952.8,-3.54,0.0
7,21.3,82.0,18.1,953.0,-3.54,0.0
8,21.5,80.0,17.9,953.6,-3.54,0.0
9,22.3,80.0,18.7,954.1,84.14,0.0
10,26.5,67.0,19.8,954.5,726.8,0.1
11,29.5,57.0,20.1,954.6,1803.0,0.5
12,33.1,36.0,16.0,954.5,2611.0,1.6
13,33.7,37.0,16.8,953.6,3270.0,1.0
14,34.5,31.0,15.1,952.9,3713.0,1.2
15,NaN,35.0,16.9,952.6,3494.0,2.0
16,36.4,33.0,17.3,951.7,2397.0,1.1
17,35.8,30.0,15.4,951.0,2994.0,1.7
18,35.9,30.0,15.4,950.0,2786.0,2.1
19,35.2,30.0,15.2,949.9,1736.0,2.1
20,34.8,31.0,15.0,949.9,970.0,1.6
21,31.7,42.0,17.3,950.6,104.2,0.0
22,30.0,49.0,18.2,951.7,-3.54,0.3
23,28.7,53.0,18.3,952.3,-3.54,0.3
0,27.6,60.0,19.2,952.7,-3.54,0.0
1,26.3,65.0,19.1,953.0,-3.54,0.0
2,25.2,69.0,19.1,952.6,-3.54,1.0
3,25.3,69.0,19.2,952.3,-3.52,0.8
4,24.0,74.0,19.0,951.7,-3.54,0.0
5,24.0,75.0,19.3,951.4,-3.46,0.0
6,24.4,73.0,19.3,951.6,-3.17,0.2
7,24.0,75.0,19.4,951.5,-3.33,0.0
8,NaN,77.0,19.4,952.0,-3.53,0.0
9,24.1,77.0,19.9,952.8,102.0,0.0
10,27.0,68.0,20.5,952.8,671.8,0.2
11,NaN,54.0,19.9,953.2,1731.0,0.6
12,NaN,48.0,20.7,953.7,2479.0,1.1
13,33.5,44.0,19.6,953.3,3114.0,1.9
14,NaN,38.0,17.9,952.2,3461.0,2.4
15,31.9,51.0,20.5,951.3,1463.0,3.0
16,22.0,94.0,21.1,953.0,773.5,7.7
17,NaN,97.0,20.2,952.0,33.98,4.4
18,22.4,93.0,21.1,950.6,321.1,2.1
19,NaN,84.0,20.3,951.5,612.4,1.5
20,23.1,81.0,19.6,951.2,255.7,1.4
21,22.5,88.0,20.3,951.7,77.8,1.3
22,22.0,91.0,20.5,953.0,-2.26,0.0
23,22.0,93.0,20.9,954.0,-3.18,0.7
0,22.3,92.0,20.9,953.4,-3.28,1.7
1,22.4,87.0,20.2,953.0,-3.34,2.1
2,21.8,89.0,19.9,952.6,-3.48,0.7
3,21.1,94.0,20.1,952.1,-3.54,0.3
4,20.8,95.0,20.0,951.9,-3.27,0.0
5,20.8,95.0,20.1,952.0,-3.34,0.2
6,20.5,95.0,19.7,951.7,-3.34,0.6
7,20.2,96.0,19.5,951.8,-3.33,0.4
8,20.1,96.0,19.5,951.8,-2.97,0.0
9,21.0,96.0,20.3,952.3,95.97,0.0
10,24.3,83.0,21.2,952.8,727.8,0.0
11,25.7,76.0,21.1,953.3,1844.0,2.1
12,27.5,69.0,21.3,953.8,2605.0,2.1
13,29.4,60.0,20.7,953.6,3300.0,2.1
14,NaN,54.0,20.4,953.2,3271.0,2.6
15,31.4,54.0,20.9,952.5,3637.0,3.4
16,32.3,49.0,20.2,951.7,3093.0,1.6
17,31.9,51.0,20.4,951.0,2957.0,2.8
18,NaN,55.0,21.2,950.4,2022.0,3.5
19,30.1,59.0,21.1,950.5,1187.0,3.3
20,29.8,59.0,20.8,950.4,778.6,1.7
21,28.3,64.0,20.7,950.8,285.5,1.7
22,NaN,68.0,20.7,950.8,-3.38,0.6
23,25.6,74.0,20.5,951.2,-3.54,0.0
0,24.4,84.0,21.4,952.3,-3.54,0.2
1,24.0,84.0,21.2,952.9,-3.54,0.3
2,23.7,85.0,20.9,952.7,-3.54,0.0
3,22.7,87.0,20.5,951.9,-3.54,0.8
4,22.5,90.0,20.8,951.1,-3.54,0.0
5,22.2,89.0,20.3,950.9,-3.54,0.0
6,21.8,92.0,20.4,951.0,-3.54,0.0
7,NaN,92.0,20.5,951.4,-3.54,0.0
8,NaN,89.0,20.2,952.4,-3.23,1.6
9,23.0,90.0,21.3,952.9,60.12,0.0
10,24.4,83.0,21.4,953.8,375.1,0.1
11,26.4,77.0,22.0,954.2,1092.0,1.6
12,26.0,76.0,21.4,954.7,945.9,2.7
13,24.4,75.0,19.8,955.2,543.8,1.9
14,24.8,74.0,19.8,955.6,669.1,1.8
15,24.9,81.0,21.4,954.9,1401.0,2.7
16,28.6,62.0,20.6,953.6,2082.0,1.1
17,NaN,61.0,21.0,952.4,2730.0,2.0
18,29.7,57.0,20.2,951.2,2580.0,3.3
19,NaN,55.0,19.3,950.9,1587.0,3.6
20,NaN,54.0,18.6,951.2,999.1,3.0
21,27.3,62.0,19.4,951.5,154.8,1.5
22,NaN,70.0,19.9,952.3,-3.53,0.0
23,25.0,74.0,20.1,952.9,-3.53,0.7
0,NaN,75.0,20.5,953.6,-3.48,1.0
1,24.4,79.0,20.5,953.9,-3.54,1.8
2,24.1,80.0,20.5,953.4,-3.54,2.0
3,23.7,82.0,20.4,953.1,-3.54,0.3
4,23.0,86.0,20.5,952.5,-3.53,0.0
5,NaN,89.0,20.5,951.9,-3.53,0.0
6,22.4,89.0,20.4,951.9,-3.3,0.0
7,22.5,88.0,20.4,952.1,-3.3,0.0
8,NaN,88.0,20.2,952.0,-3.28,0.1
9,22.7,86.0,20.2,952.2,66.46,0.5
10,24.3,78.0,20.1,952.0,489.7,1.2
11,25.5,71.0,19.9,952.6,1074.0,2.4
12,28.1,63.0,20.3,953.0,2078.0,0.7
13,28.9,61.0,20.6,953.1,2111.0,1.5
14,29.4,61.0,21.0,952.7,3179.0,1.7
15,NaN,54.0,20.4,951.8,3576.0,2.0
16,32.2,51.0,20.6,950.7,3140.0,2.3
17,NaN,48.0,19.5,949.7,2712.0,2.4
18,33.7,42.0,19.2,948.9,2312.0,1.5
19,NaN,45.0,18.7,948.6,1286.0,2.5
20,31.1,52.0,20.0,948.6,818.3,2.4
21,29.5,56.0,19.9,949.3,187.6,0.9
22,NaN,59.0,19.7,949.8,-3.38,1.0
23,NaN,64.0,20.0,949.9,-3.54,0.8
0,25.8,74.0,20.8,949.7,-3.54,0.5
1,25.0,78.0,21.0,950.2,-3.54,0.7
2,24.3,82.0,21.1,950.3,-3.54,0.2
3,23.9,83.0,20.8,950.1,-3.54,0.0
4,23.8,83.0,20.8,950.0,-3.54,0.5
5,23.3,87.0,20.9,949.7,-3.54,0.3
6,NaN,87.0,20.6,949.4,-3.54,0.3
7,22.5,90.0,20.7,950.0,-3.53,0.0
8,22.5,87.0,20.2,950.2,-3.54,0.0
9,22.9,87.0,20.6,950.9,114.3,0.0
10,26.2,75.0,21.4,951.3,648.8,0.0
11,29.1,61.0,21.0,951.6,1396.0,0.0
12,29.2,59.0,20.5,951.7,2096.0,2.8
13,29.4,59.0,20.7,951.3,2342.0,2.5
14,29.0,67.0,22.1,950.4,2640.0,2.2
15,29.9,56.0,20.3,949.6,1785.0,3.8
16,25.1,77.0,20.9,950.2,992.0,1.2
17,27.1,72.0,21.5,948.5,1789.0,1.3
18,29.2,60.0,20.8,948.0,2937.0,2.0
19,26.5,65.0,19.5,947.7,1218.0,3.3
20,23.2,89.0,21.3,948.7,37.8,2.3
21,23.0,89.0,21.1,949.3,7.358,1.4
22,NaN,89.0,20.7,950.9,0.127,1.0
23,22.1,91.0,20.6,950.6,-2.03,2.3
0,22.4,90.0,20.7,951.1,-3.28,1.4
1,22.3,88.0,20.2,951.7,1.795,1.3
2,21.7,90.0,20.0,951.7,-2.03,1.7
3,21.7,91.0,20.2,950.9,-1.26,0.1
4,21.2,95.0,20.4,951.3,-0.99,1.6
5,21.5,95.0,20.6,950.5,-2.2,0.6
6,21.4,92.0,20.1,949.6,-2.9,0.9
7,21.5,91.0,19.9,950.0,-0.5,1.1
8,21.5,91.0,19.8,950.4,-1.44,1.8
9,21.6,91.0,20.1,951.6,40.94,1.3
10,21.7,95.0,20.8,952.4,178.4,0.0
11,22.9,85.0,20.3,953.0,651.2,1.0
12,24.2,74.0,19.3,953.4,1690.0,1.8
13,23.9,75.0,19.2,953.7,796.8,0.5
14,22.6,91.0,21.0,953.8,595.7,0.9
15,22.1,96.0,21.4,953.3,317.2,0.4
16,24.3,89.0,22.3,952.0,1382.0,0.2
17,23.0,88.0,20.9,951.2,1316.0,1.7
18,21.7,95.0,20.9,950.8,355.3,0.2
19,22.3,94.0,21.3,949.6,465.3,0.2
20,22.4,92.0,21.0,949.7,336.5,0.0
21,22.3,94.0,21.3,950.0,119.7,0.1
22,NaN,95.0,21.3,950.9,-2.61,0.3
23,21.8,93.0,20.7,951.1,-3.25,0.9
0,22.0,95.0,21.1,951.7,-3.07,1.5
1,21.6,95.0,20.7,952.3,-2.29,0.0
2,21.7,96.0,21.0,952.4,-1.35,0.1
3,21.6,95.0,20.8,951.8,-2.14,0.0
4,21.6,96.0,20.9,951.3,-2.28,0.0
5,21.8,96.0,21.0,950.9,-1.33,0.0
6,21.8,96.0,21.1,950.9,-2.02,0.0
7,21.9,96.0,21.2,951.0,-1.44,0.0
8,NaN,96.0,21.1,951.1,-2.25,0.0
9,22.3,95.0,21.5,951.8,100.3,0.0
10,24.2,84.0,21.3,952.4,589.5,1.3
11,23.9,86.0,21.5,953.1,752.7,1.5
12,26.3,77.0,21.9,953.2,1446.0,1.5
13,25.1,78.0,21.0,952.8,2088.0,3.2
14,24.6,84.0,21.7,952.9,1394.0,1.8
15,24.9,83.0,21.9,952.8,854.6,2.5
16,24.8,81.0,21.3,951.6,747.7,0.9
17,25.5,78.0,21.4,950.5,1640.0,1.5
18,25.6,78.0,21.4,950.7,910.9,0.1
19,25.3,82.0,21.9,950.6,501.7,0.3
20,24.7,88.0,22.6,950.8,281.4,0.1
21,23.1,93.0,21.9,950.8,42.24,1.0
22,22.5,95.0,21.6,952.0,-2.3,0.0
23,22.5,96.0,21.8,953.0,-2.77,0.0
0,22.4,96.0,21.7,953.3,-2.98,0.7
1,22.1,96.0,21.4,953.5,-3.09,0.1
2,21.9,96.0,21.2,953.5,-2.89,0.5
3,NaN,96.0,21.1,953.0,-2.85,0.5
4,21.6,96.0,20.9,952.0,-2.94,0.8
5,21.6,96.0,21.0,951.9,-2.66,0.0
6,NaN,96.0,21.1,952.4,-1.01,0.0
7,21.9,96.0,21.2,952.4,-2.28,0.0
8,21.9,96.0,21.2,952.6,-2.28,0.0
9,22.2,96.0,21.5,953.6,19.83,0.0
10,22.4,96.0,21.8,953.9,132.5,0.0
11,NaN,87.0,22.0,954.4,941.2,0.1
12,24.9,86.0,22.4,955.2,704.0,0.1
13,27.5,80.0,23.7,955.1,2404.0,1.2
14,29.5,66.0,22.6,954.6,3239.0,0.7
15,29.0,59.0,20.3,953.9,3494.0,2.4
16,29.9,63.0,22.1,953.0,2845.0,1.6
17,29.4,60.0,20.8,952.0,2843.0,2.1
18,31.7,51.0,20.2,951.1,2310.0,1.5
19,29.3,60.0,20.8,950.7,1334.0,1.0
20,23.0,85.0,20.3,951.3,357.0,3.4
21,23.6,89.0,21.6,951.3,190.2,1.6
22,23.1,93.0,21.9,952.4,-1.23,0.4
23,22.8,94.0,21.8,952.8,-3.15,0.2
0,22.0,93.0,20.8,953.6,-1.82,1.8
1,22.3,94.0,21.3,954.0,-2.88,1.1
2,22.2,95.0,21.3,954.5,-2.23,0.7
3,22.2,94.0,21.1,953.7,-1.47,1.5
4,22.0,95.0,21.1,953.3,-1.26,0.4
5,21.6,95.0,20.8,953.4,-1.74,1.6
6,21.5,94.0,20.5,953.5,-2.55,0.0
7,21.8,95.0,21.0,953.4,-2.74,0.9
8,21.6,93.0,20.3,953.5,-2.2,0.7
9,21.8,95.0,21.0,954.1,62.96,0.3
10,23.6,82.0,20.4,954.5,408.2,0.7
11,26.6,66.0,19.7,955.1,1478.0,0.8
12,28.8,52.0,18.0,955.1,2646.0,2.0
13,30.5,46.0,17.4,954.8,3292.0,1.7
14,NaN,37.0,14.8,954.0,3722.0,1.7
15,32.4,41.0,17.4,953.3,3858.0,1.1
16,NaN,42.0,18.3,952.2,3747.0,1.1
17,33.2,36.0,16.1,951.4,3469.0,1.5
18,33.7,41.0,18.6,951.0,2709.0,2.1
19,32.7,40.0,17.2,951.0,1874.0,2.1
20,NaN,39.0,16.2,951.4,1194.0,1.1
21,28.8,49.0,17.1,951.9,301.8,0.3
22,26.8,57.0,17.7,952.4,-3.29,1.3
23,24.7,66.0,18.0,953.0,-3.54,0.5
0,NaN,74.0,18.6,953.6,-3.54,0.0
1,22.9,77.0,18.6,954.1,-3.53,0.5
2,22.6,74.0,17.6,953.7,-3.41,0.8
3,23.6,74.0,18.6,953.7,-3.07,1.5
4,22.2,86.0,19.7,953.5,-3.54,0.3
5,21.6,85.0,19.0,953.3,-3.54,0.2
6,21.2,92.0,19.8,953.0,-3.54,0.6
7,21.1,92.0,19.8,953.1,-3.37,0.5
8,20.6,94.0,19.5,953.5,-3.53,0.2
9,21.1,94.0,20.1,954.2,104.1,0.0
10,23.5,84.0,20.7,954.7,630.4,0.0
11,25.7,73.0,20.4,954.9,1335.0,0.2
12,27.1,61.0,18.8,955.0,2641.0,1.5
13,28.6,56.0,19.0,954.9,3332.0,1.4
14,30.3,54.0,19.9,954.5,3776.0,2.1
15,31.2,57.0,21.8,953.6,3973.0,1.5
16,32.7,37.0,16.0,952.6,3958.0,1.8
17,33.0,32.0,14.2,951.8,2992.0,2.5
18,33.0,27.0,11.5,951.0,2912.0,1.6
19,32.9,26.0,10.7,950.7,2115.0,2.5
20,32.1,29.0,12.0,950.5,1189.0,2.2
21,29.2,39.0,14.0,950.7,291.9,0.3
22,NaN,49.0,14.0,951.1,-3.5,0.1
23,23.7,63.0,16.3,951.6,-3.54,0.0
0,22.3,66.0,15.7,951.9,-3.54,0.3
1,21.9,70.0,16.1,952.2,-3.54,0.0
2,20.9,72.0,15.6,952.0,-3.54,0.0
3,20.4,77.0,16.3,951.4,-3.54,0.0
4,NaN,81.0,16.4,951.1,-3.54,0.0
5,19.5,82.0,16.3,951.0,-3.54,0.0
6,19.6,80.0,16.0,951.4,-3.54,0.0
7,19.6,80.0,16.0,952.1,-3.54,0.0
8,19.6,80.0,16.1,952.9,-3.5,0.0
9,20.3,81.0,16.8,953.8,80.85,0.0
10,22.9,80.0,19.2,954.5,580.5,0.0
11,26.4,62.0,18.6,954.9,1261.0,0.4
12,27.4,64.0,20.0,954.9,2394.0,1.7
13,29.1,60.0,20.4,954.5,3291.0,2.4
14,30.9,54.0,20.6,953.9,3661.0,2.3
15,31.3,49.0,19.4,952.8,3888.0,3.2
16,32.1,44.0,18.4,951.5,3493.0,2.0
17,32.5,36.0,15.4,950.6,2913.0,2.2
18,33.0,36.0,16.1,949.7,2211.0,2.2
19,32.5,33.0,14.3,949.4,2059.0,2.1
20,NaN,32.0,13.8,949.2,1085.0,1.2
21,29.9,44.0,16.2,949.8,246.8,0.4
22,26.9,56.0,17.3,950.7,-3.3,1.5
23,25.7,62.0,17.8,951.1,-3.54,0.6
0,NaN,65.0,18.6,952.0,-3.54,2.4
1,25.6,63.0,18.2,952.5,-3.48,1.8
2,25.8,61.0,17.6,952.6,-3.54,3.7
3,25.5,60.0,17.1,952.3,-3.54,3.5
4,25.4,60.0,17.1,951.9,-3.53,4.0
5,25.2,63.0,17.5,951.8,-3.54,3.2
6,NaN,66.0,17.6,951.8,-3.54,2.0
7,22.5,76.0,18.0,952.3,-3.54,0.1
8,21.9,80.0,18.2,952.9,-3.53,0.0
9,24.0,68.0,17.8,953.8,81.74,1.8
10,25.8,62.0,17.9,954.3,797.6,2.2
11,27.2,60.0,18.8,954.9,1970.0,3.0
12,28.9,54.0,18.8,954.7,2723.0,3.4
13,30.0,50.0,18.5,954.8,3368.0,3.8
14,30.4,48.0,18.0,954.5,3958.0,3.4
15,31.5,45.0,18.3,953.5,3667.0,2.5
16,31.8,46.0,18.8,951.9,3742.0,2.7
17,32.3,40.0,17.0,950.9,3061.0,3.2
18,31.8,44.0,18.1,950.0,2140.0,3.2
19,30.5,50.0,18.9,950.1,1039.0,3.6
20,28.7,61.0,20.5,950.6,390.7,2.8
21,27.4,67.0,20.7,951.2,117.6,1.1
22,26.8,69.0,20.6,951.8,-2.55,0.0
23,26.1,74.0,21.1,952.6,-3.54,0.2
0,23.4,77.0,19.1,954.2,-2.95,4.1
1,22.2,87.0,19.9,954.8,-2.95,0.6
2,22.4,85.0,19.8,954.5,-3.07,0.7
3,22.4,83.0,19.4,953.9,-3.18,0.2
4,21.4,93.0,20.2,953.9,-3.44,0.7
5,21.6,94.0,20.5,953.4,-2.83,0.0
6,21.6,94.0,20.6,953.1,-2.99,0.0
7,21.3,94.0,20.3,953.2,-2.46,0.0
8,21.3,94.0,20.3,953.5,-2.74,0.2
9,21.8,94.0,20.8,954.0,91.61,0.0
10,24.3,87.0,22.1,954.4,639.3,0.3
11,26.6,79.0,22.7,955.0,1332.0,0.6
12,29.6,62.0,21.5,955.0,2509.0,1.3
13,NaN,52.0,19.0,954.7,3014.0,2.0
14,NaN,47.0,18.1,954.1,2977.0,3.3
15,26.9,65.0,19.7,953.8,2029.0,5.1
16,26.7,67.0,20.0,953.3,951.6,1.4
17,30.2,59.0,21.3,952.0,2665.0,0.4
18,29.9,60.0,21.1,951.2,1889.0,0.1
19,30.7,55.0,20.6,950.7,1484.0,0.3
20,NaN,62.0,18.2,951.4,482.0,1.8
21,26.3,64.0,18.9,951.3,44.26,0.0
22,24.8,72.0,19.3,951.7,-3.35,0.0
23,24.4,75.0,19.7,952.9,-3.54,0.0
0,NaN,79.0,20.4,953.6,-3.53,0.0
1,23.6,81.0,20.2,954.5,-3.47,0.0
2,23.6,82.0,20.3,954.7,-3.0,0.0
3,23.3,86.0,20.8,954.5,-3.52,0.0
4,23.2,87.0,20.9,953.9,-3.47,0.0
5,23.2,90.0,21.5,953.0,-3.53,0.0
6,22.8,91.0,21.2,953.1,-3.35,0.0
7,22.7,92.0,21.3,953.2,-2.98,0.0
8,23.0,90.0,21.3,953.5,-2.59,0.0
9,22.7,90.0,21.1,954.6,97.82,2.1
10,24.6,87.0,22.3,955.0,648.9,0.8
11,24.7,85.0,22.0,955.6,533.3,0.0
12,25.7,82.0,22.4,956.1,841.8,1.4
13,27.9,72.0,22.4,955.7,2078.0,1.4
14,31.0,58.0,21.8,954.5,3453.0,1.2
15,30.3,59.0,21.5,954.1,1597.0,0.1
16,NaN,61.0,20.6,953.6,1300.0,2.9
17,29.7,60.0,21.2,952.3,2570.0,3.9
18,25.9,70.0,19.9,952.1,1249.0,2.0
19,26.0,72.0,20.6,951.7,288.6,0.0
20,26.3,72.0,20.8,952.1,272.9,0.0
21,25.9,76.0,21.5,952.5,214.7,0.0
22,25.1,79.0,21.1,952.9,-3.24,0.0
23,24.3,83.0,21.3,953.9,-3.54,0.0
0,24.1,86.0,21.6,954.8,-3.49,1.5
1,24.5,85.0,21.8,955.3,-3.35,0.4
2,21.4,92.0,19.9,955.6,-3.29,0.7
3,21.3,92.0,19.9,955.0,-1.12,1.3
4,NaN,91.0,19.6,954.3,-1.99,1.6
5,21.3,95.0,20.3,953.7,-1.96,0.0
6,21.4,94.0,20.3,953.5,-2.51,0.1
7,21.3,94.0,20.3,953.6,-2.99,0.0
8,21.5,95.0,20.6,953.8,-3.11,0.0
9,21.8,94.0,20.7,954.3,102.7,0.0
10,23.3,90.0,21.6,954.7,437.0,0.0
11,26.1,77.0,21.8,955.3,1210.0,0.0
12,26.4,78.0,22.3,955.6,1431.0,1.4
13,27.4,72.0,21.8,955.4,1666.0,1.2
14,29.6,58.0,20.5,954.8,1606.0,0.5
15,30.6,54.0,20.1,953.8,3601.0,0.8
16,32.2,47.0,19.6,952.8,3759.0,1.4
17,32.3,48.0,19.8,951.6,3490.0,2.0
18,32.0,49.0,19.9,950.7,2860.0,2.8
19,32.3,46.0,19.1,950.0,2485.0,2.2
20,26.6,66.0,19.8,950.8,1115.0,4.0
21,25.6,70.0,19.6,951.2,303.3,3.8
22,23.5,85.0,20.9,953.0,9.997,2.7
23,23.6,84.0,20.7,953.2,-2.26,3.7
0,23.8,82.0,20.4,953.8,-2.26,3.1
1,23.2,86.0,20.7,954.7,-2.59,1.6
2,23.1,88.0,20.9,954.9,-2.85,0.4
3,22.6,92.0,21.3,955.0,-3.21,1.2
4,22.3,95.0,21.5,954.7,-2.8,0.5
5,22.2,96.0,21.4,953.3,-2.6,0.0
6,22.0,96.0,21.3,952.9,-1.79,0.0
7,NaN,96.0,21.3,952.3,-2.63,0.2
8,NaN,95.0,21.2,952.7,-2.88,1.6
9,21.9,93.0,20.8,953.0,26.99,0.7
10,22.8,92.0,21.5,953.5,348.3,0.0
11,23.7,85.0,21.0,954.2,552.9,0.9
12,25.3,80.0,21.5,954.9,1064.0,0.7
13,NaN,74.0,21.7,955.1,1650.0,1.2
14,26.7,74.0,21.7,955.0,1786.0,2.0
15,26.5,68.0,20.2,954.5,1282.0,3.2
16,29.0,62.0,21.1,953.4,3771.0,3.2
17,22.2,90.0,20.5,953.6,572.2,3.5
18,23.2,91.0,21.6,953.1,861.5,0.8
19,NaN,86.0,20.5,952.4,820.7,1.3
20,24.3,84.0,21.5,951.9,831.0,0.3
21,23.3,88.0,21.2,952.8,401.6,0.0
22,23.2,91.0,21.6,953.8,26.28,0.3
23,23.1,87.0,20.8,954.3,-2.64,0.8
0,22.8,88.0,20.6,954.5,-3.15,1.0
1,22.5,87.0,20.2,954.6,-3.11,1.1
2,22.6,86.0,20.1,955.1,-2.32,0.4
3,22.5,86.0,20.1,955.0,-3.03,0.7
4,22.8,84.0,20.0,954.1,-3.33,2.2
5,22.5,86.0,20.1,953.5,-2.87,1.2
6,NaN,88.0,20.2,953.3,-2.89,0.4
7,NaN,88.0,20.1,953.2,-2.85,0.9
8,NaN,92.0,20.4,953.6,-2.52,0.0
9,21.6,93.0,20.5,953.7,9.55,0.0
10,22.4,91.0,20.9,954.6,161.8,0.0
11,NaN,84.0,21.1,955.9,701.5,0.9
12,25.5,76.0,20.9,956.4,1910.0,0.7
13,26.5,72.0,21.0,956.5,1596.0,1.4
14,26.6,70.0,20.6,956.2,1669.0,1.5
15,26.6,69.0,20.5,955.7,1277.0,1.8
16,26.4,75.0,21.7,955.0,1422.0,0.9
17,27.8,68.0,21.2,953.7,2783.0,2.5
18,30.5,54.0,20.2,952.2,3270.0,1.6
19,29.9,55.0,19.9,951.3,2257.0,1.7
20,NaN,52.0,19.3,951.0,1529.0,2.2
21,28.7,53.0,18.1,951.5,874.8,2.7
22,26.9,60.0,18.6,952.2,67.38,2.1
23,24.9,72.0,19.6,953.1,-3.54,0.6
0,23.8,79.0,20.0,954.0,-3.54,0.0
1,NaN,83.0,20.1,954.5,-3.54,0.1
2,22.6,87.0,20.3,954.6,-3.54,0.8
3,22.6,87.0,20.4,954.2,-3.53,0.2
4,22.3,88.0,20.3,953.7,-3.53,0.6
5,21.8,92.0,20.4,953.4,-3.54,0.0
6,21.7,90.0,20.1,952.9,-3.45,0.0
7,21.6,90.0,20.0,953.0,-3.54,0.0
8,22.0,90.0,20.3,953.2,-3.18,0.0
9,21.9,91.0,20.4,953.7,6.767,0.0
10,23.1,86.0,20.7,954.0,154.4,0.2
11,24.8,78.0,20.8,954.4,542.1,0.0
12,26.7,71.0,20.9,954.7,1287.0,1.0
13,27.7,70.0,21.7,954.9,1654.0,1.6
14,29.1,62.0,21.2,954.1,3595.0,3.7
15,24.0,90.0,22.4,953.9,1566.0,1.9
16,21.4,95.0,20.5,953.9,326.5,3.5
17,21.8,96.0,21.0,952.5,223.2,0.8
18,22.9,95.0,22.0,951.3,557.7,0.3
19,NaN,89.0,22.3,950.8,874.6,0.3
20,24.3,91.0,22.8,950.7,540.3,0.1
21,24.1,91.0,22.5,951.7,198.2,0.5
22,21.6,94.0,20.6,952.2,7.324,0.6
23,21.9,93.0,20.8,952.5,-3.18,0.7
0,22.0,92.0,20.7,953.4,-2.24,0.4
1,21.9,94.0,20.9,954.0,-1.24,0.0
2,NaN,92.0,20.7,954.5,-2.06,1.5
3,NaN,93.0,20.5,954.2,-2.2,1.4
4,21.3,94.0,20.3,953.1,-2.7,0.6
5,21.4,95.0,20.6,952.4,-1.81,0.0
6,21.4,96.0,20.7,951.9,-1.37,0.2
7,21.4,96.0,20.6,951.6,-2.34,0.4
8,21.3,95.0,20.5,951.7,-2.78,0.1
9,21.5,95.0,20.6,952.5,8.827,0.0
10,22.5,93.0,21.2,953.1,250.9,0.2
11,NaN,80.0,20.3,953.8,796.0,1.3
12,24.7,79.0,20.8,954.5,1030.0,1.7
13,25.8,76.0,21.3,954.7,1566.0,0.9
14,26.3,72.0,20.9,954.3,1910.0,2.2
15,27.1,70.0,21.1,953.5,2322.0,2.1
16,27.2,70.0,21.1,952.3,1923.0,2.6
17,23.7,87.0,21.4,951.4,553.0,4.2
18,25.1,81.0,21.5,950.4,1922.0,2.2
19,24.5,88.0,22.4,950.0,414.9,1.5
20,24.0,94.0,22.9,950.0,226.7,0.5
21,NaN,93.0,23.1,950.3,244.0,0.2
22,23.8,94.0,22.8,951.1,27.53,0.0
23,23.4,95.0,22.6,951.9,-3.2,0.4
0,23.4,96.0,22.7,952.8,-3.2,0.5
1,23.3,96.0,22.6,953.3,-3.11,0.0
2,23.1,95.0,22.3,953.8,-2.83,1.1
3,23.2,96.0,22.5,953.6,-2.42,1.1
4,22.9,94.0,21.9,952.9,-3.0,0.0
5,22.7,94.0,21.8,952.6,-2.88,0.8
6,21.3,96.0,20.7,952.6,-1.71,1.5
7,21.2,96.0,20.6,952.7,-1.01,0.6
8,NaN,96.0,20.8,952.7,-1.1,0.1
9,21.4,96.0,20.8,953.1,2.9989999999999997,0.0
10,21.9,96.0,21.2,953.8,113.5,0.1
11,23.2,88.0,21.1,954.2,538.1,0.0
12,25.3,82.0,22.0,954.4,1810.0,0.4
13,27.6,71.0,21.9,954.5,2789.0,0.0
14,26.4,77.0,22.1,954.6,2215.0,1.4
15,27.4,71.0,21.8,954.1,1892.0,1.2
16,29.3,62.0,21.3,952.9,3832.0,2.2
17,29.9,56.0,20.3,951.7,3281.0,3.3
18,30.4,55.0,20.4,950.9,3164.0,2.2
19,29.5,60.0,20.8,950.4,1611.0,1.6
20,24.8,81.0,21.4,950.5,1091.0,2.7
21,NaN,82.0,22.5,951.2,563.5,1.7
22,22.4,88.0,20.4,952.2,30.28,6.6
23,22.1,92.0,20.7,953.6,-3.33,0.7
0,22.4,93.0,21.3,955.0,-3.07,0.0
1,22.3,94.0,21.2,955.8,-2.03,0.8
2,22.1,95.0,21.4,955.8,-1.76,1.2
3,22.0,96.0,21.3,955.2,-1.44,0.0
4,21.9,96.0,21.2,954.7,-2.44,0.9
5,21.6,96.0,20.9,954.1,-2.32,0.8
6,21.5,96.0,20.8,953.5,-2.75,0.0
7,21.6,96.0,20.9,953.4,-2.85,0.0
8,21.5,96.0,20.9,953.1,-1.99,0.7
9,21.6,96.0,20.9,953.6,2.559,0.1
10,22.0,95.0,21.2,954.8,137.2,1.1
11,NaN,88.0,21.1,955.2,556.8,0.8
12,23.4,87.0,21.1,956.0,680.9,0.8
13,23.5,87.0,21.2,956.6,508.9,1.9
14,NaN,82.0,21.0,956.9,1111.0,2.1
15,25.7,75.0,20.9,956.2,2106.0,2.4
16,27.4,69.0,21.1,955.4,2662.0,3.2
17,23.4,88.0,21.3,954.9,1373.0,3.5
18,22.1,87.0,19.8,954.5,535.4,1.8
19,23.0,85.0,20.3,954.1,787.8,1.0
20,23.2,86.0,20.8,953.9,574.8,0.3
21,23.1,90.0,21.4,953.9,273.3,0.2
22,22.5,93.0,21.2,953.7,71.98,0.1
23,22.6,89.0,20.7,953.8,-3.46,0.4
0,22.7,86.0,20.3,954.3,-3.34,0.5
1,22.7,86.0,20.3,955.0,-2.03,1.0
2,22.5,86.0,20.1,955.4,-2.47,0.7
3,22.1,89.0,20.3,955.0,-3.13,0.4
4,22.0,89.0,20.0,954.5,-3.44,0.7
5,21.7,92.0,20.4,953.9,-3.52,0.6
6,21.4,93.0,20.3,953.7,-3.07,0.1
7,21.4,94.0,20.4,953.8,-2.95,0.0
8,21.5,93.0,20.4,954.0,-2.8,0.6
9,21.5,93.0,20.4,954.6,12.36,0.3
10,23.1,86.0,20.6,955.2,284.7,0.1
11,24.4,79.0,20.7,955.9,749.1,0.8
12,27.1,71.0,21.3,956.0,1910.0,1.0
13,27.1,66.0,20.0,956.0,1828.0,1.1
14,29.3,61.0,20.9,955.5,2681.0,0.8
15,30.5,55.0,20.5,954.6,3861.0,1.0
16,31.1,53.0,20.3,953.9,3831.0,2.2
17,32.2,47.0,19.3,953.1,3729.0,2.1
18,33.0,40.0,17.7,952.0,3246.0,1.9
19,32.5,44.0,18.5,951.2,2515.0,2.8
20,32.4,46.0,19.4,951.0,1522.0,1.8
21,31.0,40.0,15.7,951.4,735.6,2.1
22,27.3,54.0,17.3,952.2,49.48,0.5
23,25.5,71.0,19.9,952.9,-3.54,0.0
0,24.8,74.0,19.9,953.3,-3.54,0.1
1,24.2,80.0,20.5,954.1,-3.48,0.0
2,24.0,80.0,20.3,954.4,-3.54,0.3
3,22.9,83.0,19.9,954.0,-3.54,0.5
4,NaN,89.0,20.5,953.6,-3.54,0.3
5,22.3,85.0,19.6,952.8,-3.54,0.6
6,21.8,89.0,20.0,952.3,-3.54,0.5
7,22.0,88.0,19.9,952.6,-3.53,0.6
8,21.5,90.0,19.8,952.9,-3.53,0.1
9,21.7,89.0,19.8,953.4,11.25,0.1
10,23.5,85.0,20.7,954.2,310.2,0.0
11,26.0,75.0,21.2,954.7,999.2,0.4
12,28.2,70.0,22.2,955.1,1415.0,0.7
13,30.1,61.0,21.6,955.2,1766.0,0.2
14,31.7,47.0,19.2,954.9,3561.0,1.5
15,30.9,56.0,21.0,954.3,2335.0,1.1
16,33.1,47.0,20.4,953.0,3184.0,1.8
17,33.2,41.0,18.2,951.6,3797.0,2.5
18,34.0,40.0,18.6,950.7,3246.0,3.0
19,33.8,43.0,19.4,950.1,2459.0,2.4
20,33.5,38.0,17.4,950.5,1836.0,2.1
21,29.0,60.0,20.5,951.5,605.8,3.5
22,NaN,70.0,20.9,952.4,71.79,1.2
23,26.1,71.0,20.3,953.0,-3.53,0.4
0,25.4,73.0,20.3,953.8,-3.47,0.6
1,25.5,72.0,20.2,955.7,-2.73,1.9
2,22.6,87.0,20.4,956.6,-3.36,2.0
3,22.0,93.0,20.8,956.2,-3.21,1.0
4,21.9,92.0,20.7,955.6,-2.86,1.4
5,21.5,93.0,20.3,955.0,-3.46,1.8
6,21.7,91.0,20.1,953.8,-3.36,2.2
7,21.5,90.0,19.8,953.7,-3.44,1.6
8,22.0,87.0,19.7,953.5,-3.04,1.7
9,22.4,82.0,19.1,954.1,1.287,2.7
10,23.0,78.0,19.0,954.1,189.4,2.2
11,24.8,71.0,19.2,954.3,998.5,1.8
12,NaN,68.0,20.0,954.5,1847.0,1.9
13,27.5,63.0,19.8,954.4,2657.0,2.7
14,NaN,57.0,19.4,954.1,3606.0,2.1
15,NaN,51.0,18.9,953.9,3859.0,2.8
16,31.3,51.0,19.9,953.1,3582.0,1.3
17,30.4,53.0,19.6,952.1,2389.0,1.9
18,29.7,58.0,20.5,950.7,2616.0,2.9
19,29.6,57.0,20.3,949.6,2122.0,2.5
20,28.9,57.0,19.5,949.6,441.3,2.1
21,25.1,80.0,21.3,950.3,126.9,0.5
22,24.8,81.0,21.5,951.2,15.33,1.3
23,24.7,84.0,21.9,952.1,-3.49,0.4
0,NaN,90.0,22.2,953.5,-3.27,0.5
1,22.9,94.0,21.8,953.5,-3.39,0.4
2,23.1,93.0,21.9,953.5,-3.27,0.8
3,22.9,95.0,22.1,953.9,-2.2,0.2
4,22.7,95.0,21.8,953.3,-1.79,0.3
5,22.8,90.0,21.1,952.9,-0.93,1.1
6,22.8,84.0,19.9,952.6,-0.96,2.6
7,NaN,78.0,18.7,952.3,1.2209999999999999,3.5
8,NaN,83.0,19.1,952.7,0.47200000000000003,0.4
9,23.2,73.0,18.0,953.3,11.19,3.9
10,23.0,80.0,19.3,954.1,164.4,0.5
11,24.8,71.0,19.2,954.7,769.0,1.8
12,NaN,77.0,20.3,955.7,1027.0,1.8
13,23.0,88.0,20.9,956.1,908.5,2.9
14,NaN,89.0,20.1,956.2,655.5,3.6
15,21.6,95.0,20.7,955.7,503.2,1.8
16,NaN,87.0,21.1,954.4,1101.0,1.4
17,24.5,81.0,21.0,953.3,1064.0,0.1
18,24.5,77.0,20.3,952.8,1087.0,1.4
19,25.5,70.0,19.7,952.1,1812.0,2.0
20,25.2,70.0,19.3,952.0,1315.0,2.0
21,24.7,70.0,18.9,952.4,353.3,2.9
22,24.3,72.0,18.9,953.1,18.71,1.3
23,23.3,82.0,20.1,953.7,-3.29,0.5
0,23.2,82.0,19.9,954.6,-3.28,0.8
1,22.8,84.0,19.9,954.9,-3.45,0.7
2,21.7,91.0,20.2,955.1,-3.51,0.4
3,21.5,95.0,20.6,955.2,-3.17,0.5
4,21.0,95.0,20.1,954.5,-3.01,0.8
5,21.2,95.0,20.4,954.3,-2.45,1.1
6,21.2,96.0,20.5,954.1,-1.6,0.9
7,20.9,96.0,20.2,954.1,-1.28,1.0
8,20.3,96.0,19.6,954.7,-0.72,1.8
9,19.7,95.0,18.8,955.3,11.61,0.3
10,20.6,88.0,18.7,955.7,307.0,0.1
11,21.9,80.0,18.3,956.0,811.3,0.6
12,NaN,83.0,19.9,956.0,939.0,0.2
13,24.4,75.0,19.6,956.1,1454.0,0.5
14,26.2,68.0,19.7,955.9,2462.0,1.5
15,26.0,69.0,19.7,955.4,1879.0,0.8
16,28.9,62.0,20.9,954.5,3108.0,0.8
17,28.7,61.0,20.4,953.5,2639.0,2.2
18,28.9,58.0,19.8,952.7,2273.0,2.3
19,27.9,58.0,19.0,952.3,1613.0,2.4
20,28.0,51.0,16.8,952.5,1273.0,3.1
21,NaN,67.0,18.0,953.0,556.0,1.9
22,23.0,79.0,19.1,953.5,38.54,0.7
23,22.5,82.0,19.4,954.0,-3.13,0.8
0,22.4,86.0,19.9,954.5,-3.16,0.0
1,22.0,88.0,19.9,954.6,-3.4,0.1
2,NaN,90.0,20.1,954.7,-3.21,0.3
3,21.4,89.0,19.5,954.2,-3.34,0.2
4,21.5,90.0,19.8,953.5,-3.03,0.4
5,21.0,91.0,19.4,952.9,-3.54,0.1
6,20.8,92.0,19.5,952.4,-3.53,0.9
7,20.6,89.0,18.8,952.5,-3.54,0.5
8,20.5,92.0,19.2,952.9,-3.35,0.1
9,20.5,91.0,19.0,953.3,5.834,0.4
10,22.0,86.0,19.6,953.8,262.8,0.0
11,24.5,76.0,20.0,954.2,949.2,0.9
12,27.0,62.0,19.1,954.7,1453.0,0.7
13,28.7,56.0,19.2,954.5,1832.0,0.6
14,29.3,61.0,21.0,954.2,2149.0,0.7
15,30.9,51.0,19.6,953.7,3418.0,1.0
16,31.9,44.0,18.1,952.8,3767.0,1.1
17,NaN,48.0,18.6,952.0,1808.0,1.0
18,32.6,43.0,18.5,951.1,1820.0,1.0
19,31.8,47.0,19.1,950.5,2489.0,2.2
20,31.1,48.0,18.6,950.4,1773.0,2.2
21,30.7,48.0,18.3,950.8,786.6,0.8
22,28.2,59.0,19.4,951.4,97.28,0.7
23,27.7,59.0,19.0,952.2,-3.54,2.1
0,26.5,65.0,19.4,952.8,-3.37,0.7
1,26.2,66.0,19.3,953.6,-3.5,1.7
2,25.1,75.0,20.2,953.4,-3.4,1.0
3,NaN,76.0,20.1,953.1,-3.49,1.3
4,25.4,68.0,19.0,952.4,-3.53,1.3
5,23.8,77.0,19.5,952.1,-3.54,0.4
6,24.7,71.0,19.2,951.9,-3.46,1.5
7,24.3,73.0,19.2,951.8,-3.37,0.9
8,NaN,76.0,19.3,952.3,-3.38,0.7
9,23.7,77.0,19.4,952.6,0.418,1.3
10,23.8,81.0,20.4,953.1,134.5,0.4
11,26.4,71.0,20.7,953.7,803.6,0.2
12,27.3,66.0,20.3,954.3,2031.0,1.4
13,26.8,68.0,20.5,955.1,1099.0,2.4
14,27.7,66.0,20.7,955.0,1420.0,2.6
15,28.1,64.0,20.5,954.0,1983.0,1.9
16,28.9,60.0,20.4,953.1,1917.0,2.3
17,28.9,63.0,21.1,952.4,2373.0,2.2
18,NaN,57.0,21.5,951.1,3038.0,1.2
19,NaN,58.0,21.0,950.8,1649.0,1.1
20,NaN,53.0,19.3,951.1,1661.0,1.5
21,28.4,60.0,19.8,952.1,674.1,0.9
22,25.1,65.0,17.9,952.6,62.35,3.4
23,NaN,61.0,16.6,953.5,-3.5,3.1
0,23.0,73.0,17.9,954.0,-3.48,2.1
1,NaN,75.0,17.9,953.6,-3.53,1.2
2,22.1,79.0,18.3,953.6,-3.36,0.4
3,22.2,79.0,18.4,953.2,-3.43,0.8
4,NaN,78.0,18.3,952.8,-2.92,0.3
5,22.5,76.0,18.1,952.8,-2.58,0.3
6,22.5,77.0,18.3,953.3,-3.1,1.4
7,22.1,82.0,18.9,953.0,-3.24,0.7
8,NaN,86.0,19.1,953.8,-3.1,1.4
9,21.1,90.0,19.4,954.6,3.958,0.2
10,22.5,82.0,19.2,955.2,198.7,0.1
11,24.1,74.0,19.2,955.4,835.8,1.2
12,NaN,76.0,19.3,956.1,831.6,2.5
13,23.0,84.0,20.1,956.3,675.1,2.1
14,22.3,92.0,20.9,956.3,414.5,1.7
15,22.4,93.0,21.3,956.0,540.8,1.5
16,22.8,92.0,21.4,955.2,739.2,0.9
17,24.0,89.0,22.0,954.6,1020.0,0.5
18,24.0,81.0,20.5,953.5,1108.0,0.6
19,24.0,84.0,21.1,953.2,769.2,0.8
20,23.5,84.0,20.7,952.9,437.4,0.7
21,21.0,94.0,20.0,952.6,61.76,0.6
22,21.2,94.0,20.2,952.6,22.17,1.1
23,21.3,94.0,20.3,953.3,-2.49,0.5
0,21.9,88.0,19.7,954.2,-2.94,1.4
1,22.2,84.0,19.4,954.7,-3.24,2.0
2,21.7,89.0,19.8,955.4,-1.86,0.2
3,21.8,89.0,19.8,955.1,-3.05,0.9
4,20.7,92.0,19.4,954.3,-3.21,0.7
5,20.6,94.0,19.5,953.6,-2.83,0.5
6,20.7,92.0,19.4,953.1,-2.66,0.5
7,20.8,91.0,19.2,952.8,-1.16,0.2
8,20.5,93.0,19.3,953.2,-1.34,0.0
9,NaN,94.0,19.8,953.8,1.1059999999999999,0.1
10,20.9,94.0,20.0,954.6,80.31,0.1
11,21.9,93.0,20.6,955.2,252.2,0.1
12,23.6,84.0,20.7,955.8,640.8,0.5
13,23.6,82.0,20.3,956.3,829.6,1.1
14,22.7,84.0,19.8,956.2,893.7,2.9
15,21.4,86.0,19.0,955.6,535.0,4.8
16,20.7,88.0,18.6,955.6,447.5,3.7
17,21.1,94.0,20.1,954.9,518.6,0.9
18,22.4,88.0,20.4,953.9,970.4,0.1
19,23.2,90.0,21.5,953.1,973.6,0.5
20,22.9,84.0,20.0,952.9,714.6,1.2
21,22.7,82.0,19.4,953.1,247.2,0.8
22,22.1,84.0,19.3,953.7,30.77,0.3
23,21.2,90.0,19.4,954.4,-2.56,0.7
0,21.1,91.0,19.6,954.8,-3.26,0.7
1,21.2,90.0,19.5,955.4,-1.69,0.2
2,21.1,91.0,19.6,955.2,-1.88,0.0
3,21.9,87.0,19.6,954.6,-2.86,0.9
4,22.2,83.0,19.2,954.3,-1.57,1.2
5,22.1,83.0,19.1,954.1,1.439,0.2
6,21.6,87.0,19.4,954.2,-1.71,0.8
7,21.6,89.0,19.6,954.3,-3.38,1.1
8,21.4,90.0,19.7,954.5,-3.25,1.0
9,20.7,94.0,19.6,955.0,-0.29,0.8
10,20.8,95.0,20.0,955.4,81.59,0.5
11,NaN,88.0,19.7,955.7,313.7,1.8
12,22.1,86.0,19.6,956.1,681.4,3.2
13,23.1,82.0,19.9,956.4,1166.0,2.6
14,NaN,80.0,20.0,956.4,1356.0,3.2
15,24.2,76.0,19.6,955.8,1277.0,2.4
16,23.3,86.0,20.8,955.4,721.7,1.4
17,24.8,77.0,20.5,954.6,1847.0,1.9
18,22.6,80.0,19.0,953.5,1204.0,5.3
19,NaN,82.0,19.6,953.3,593.9,2.6
20,22.5,82.0,19.2,952.9,457.5,1.9
21,22.4,83.0,19.3,953.1,95.65,1.8
22,21.6,90.0,19.8,953.4,7.5489999999999995,0.3
23,21.2,95.0,20.3,953.9,-3.1,0.2
0,21.1,95.0,20.3,954.6,-2.47,0.1
1,NaN,93.0,20.2,955.4,-2.71,1.3
2,NaN,91.0,19.9,955.5,-3.47,1.0
3,21.2,93.0,19.9,955.1,-3.51,1.0
4,20.8,95.0,19.9,954.8,-2.95,0.0
5,20.8,95.0,20.0,954.6,-2.51,0.6
6,20.8,95.0,20.0,954.2,-2.48,0.5
7,20.5,94.0,19.4,954.1,-2.57,0.4
8,20.2,95.0,19.4,954.3,-2.09,0.0
9,20.0,96.0,19.3,954.4,1.03,1.0
10,20.4,96.0,19.7,954.5,69.9,0.6
11,21.9,93.0,20.8,954.8,537.5,0.8
12,22.7,86.0,20.3,955.6,649.1,1.6
13,23.8,84.0,21.0,956.0,969.9,1.0
14,23.5,82.0,20.3,956.0,1011.0,0.8
15,23.8,87.0,21.5,955.5,871.1,0.2
16,25.2,83.0,22.2,954.8,1457.0,0.5
17,26.0,75.0,21.2,953.3,1670.0,0.2
18,26.6,71.0,21.0,951.7,1731.0,0.5
19,23.5,78.0,19.5,951.4,1262.0,2.3
20,24.1,76.0,19.7,951.1,1073.0,1.3
21,24.2,79.0,20.3,951.5,439.4,0.4
22,23.2,88.0,21.1,952.1,23.99,0.2
23,22.4,93.0,21.1,952.6,-3.36,1.4
0,21.6,94.0,20.7,953.6,-3.23,0.4
1,NaN,92.0,20.3,954.2,-3.02,1.6
2,21.4,93.0,20.3,954.1,-2.98,0.5
3,21.2,95.0,20.4,953.7,-3.22,0.4
4,21.4,95.0,20.6,953.0,-2.82,0.8
5,21.9,89.0,20.0,952.8,-3.16,1.3
6,21.2,95.0,20.3,952.5,-2.96,0.3
7,21.6,91.0,20.0,952.2,-3.31,0.5
8,21.5,91.0,19.9,952.4,-3.09,0.5
9,22.0,86.0,19.5,952.7,2.447,1.9
10,NaN,81.0,19.4,953.4,179.1,1.8
11,NaN,79.0,20.1,954.1,758.0,2.0
12,24.2,79.0,20.3,954.9,842.2,2.6
13,25.4,74.0,20.5,955.3,1303.0,2.0
14,27.0,70.0,21.0,955.4,2289.0,1.9
15,28.3,67.0,21.5,954.8,2858.0,1.8
16,29.3,61.0,21.0,953.5,2490.0,1.1
17,28.2,65.0,20.9,951.9,1869.0,1.8
18,NaN,58.0,20.4,950.7,2851.0,1.8
19,29.6,58.0,20.5,950.1,2037.0,1.8
20,NaN,86.0,21.7,950.3,503.1,0.9
21,22.7,90.0,21.1,951.1,114.3,1.1
22,22.6,90.0,20.9,952.5,26.2,3.1
23,22.0,92.0,20.7,953.6,-3.27,1.5
0,21.9,95.0,21.0,954.4,-3.15,0.1
1,21.7,95.0,21.0,955.0,-3.12,0.0
2,NaN,95.0,21.0,954.9,-3.13,0.5
3,NaN,95.0,20.8,954.7,-2.98,0.4
4,21.4,95.0,20.6,953.9,-2.67,0.5
5,21.3,96.0,20.6,953.5,-2.07,0.1
6,NaN,96.0,20.6,953.3,-2.65,0.3
7,21.2,96.0,20.5,953.2,-2.33,0.0
8,21.1,95.0,20.3,953.5,-2.72,0.2
9,21.2,95.0,20.5,954.1,5.171,0.3
10,NaN,94.0,20.9,954.6,157.9,0.0
11,23.5,88.0,21.4,955.1,588.2,0.1
12,25.4,76.0,20.9,955.3,1107.0,0.3
13,26.1,74.0,21.1,955.6,1579.0,0.2
14,26.8,73.0,21.6,955.3,1314.0,0.2
15,27.2,68.0,20.8,954.2,3297.0,1.3
16,24.7,89.0,22.7,953.7,838.6,1.2
17,26.7,82.0,23.3,952.1,1436.0,0.4
18,27.1,71.0,21.3,951.4,2219.0,2.1
19,27.7,64.0,20.3,950.8,1519.0,1.6
20,27.1,71.0,21.3,951.1,1462.0,2.3
21,25.9,77.0,21.5,951.6,371.5,0.6
22,24.1,86.0,21.6,952.8,38.83,0.2
23,23.6,89.0,21.7,953.4,-3.53,0.1
0,23.5,90.0,21.8,954.4,-3.39,0.3
1,23.4,90.0,21.7,955.0,-3.17,0.1
2,23.1,92.0,21.7,955.3,-2.76,0.2
3,22.9,92.0,21.6,954.5,-3.31,0.2
4,22.7,90.0,21.0,954.1,-3.53,0.2
5,22.9,85.0,20.2,954.0,-2.96,0.4
6,22.8,88.0,20.7,953.9,-2.97,0.2
7,NaN,94.0,20.6,953.8,-2.85,1.7
8,20.7,95.0,19.9,953.9,-2.39,0.8
9,20.6,96.0,19.9,955.0,-0.71,0.2
10,NaN,96.0,20.0,955.4,37.29,0.0
11,20.9,96.0,20.3,956.1,95.71,0.2
12,21.7,96.0,21.0,956.8,285.1,1.5
13,21.8,94.0,20.7,957.1,578.8,2.2
14,22.2,88.0,20.2,956.9,870.4,2.0
15,22.9,86.0,20.5,956.6,915.6,3.5
16,21.7,90.0,19.9,956.3,947.3,3.7
17,21.7,87.0,19.4,955.3,1051.0,1.8
18,22.6,83.0,19.7,953.6,1178.0,1.8
19,23.7,79.0,19.8,952.7,1248.0,2.9
20,23.7,75.0,19.0,952.8,1200.0,2.9
21,NaN,83.0,20.0,953.1,478.7,1.1
22,21.5,90.0,19.8,953.1,62.92,0.2
23,NaN,83.0,18.8,953.3,-3.53,1.7
0,21.5,83.0,18.6,953.3,-3.54,1.6
1,21.4,82.0,18.2,953.2,-3.53,2.5
2,NaN,82.0,18.2,954.0,-3.24,2.3
3,NaN,80.0,18.0,954.0,-3.25,2.5
4,NaN,82.0,18.1,953.6,-2.94,1.3
5,21.1,84.0,18.4,953.0,-3.37,1.9
6,21.1,87.0,18.8,952.4,-2.38,2.0
7,NaN,87.0,18.9,952.1,-3.26,1.5
8,21.3,86.0,18.9,952.2,-1.38,1.2
9,21.3,87.0,19.1,952.7,-0.7,2.4
10,21.7,85.0,19.2,953.4,116.2,1.6
11,NaN,85.0,19.8,954.4,351.7,1.7
12,NaN,80.0,19.5,954.9,662.8,1.9
13,24.6,77.0,20.3,954.9,1111.0,1.4
14,25.0,77.0,20.7,954.8,1483.0,3.4
15,24.8,77.0,20.5,954.3,1455.0,3.3
16,25.7,74.0,20.6,953.4,1680.0,3.2
17,25.2,76.0,20.5,952.0,1456.0,2.5
18,25.9,74.0,20.9,950.9,1442.0,2.1
19,26.2,70.0,20.4,950.2,1862.0,2.7
20,27.0,67.0,20.4,949.9,1450.0,2.4
21,25.7,73.0,20.5,950.1,582.4,1.7
22,NaN,79.0,20.7,950.9,44.21,1.1
23,NaN,85.0,20.7,952.0,-3.42,0.1
0,NaN,90.0,21.2,952.4,-3.54,0.1
1,22.8,88.0,20.6,952.8,-3.36,0.8
2,22.4,90.0,20.7,953.1,-3.42,0.1
3,NaN,92.0,21.0,952.8,-3.01,0.1
4,22.3,92.0,20.9,951.9,-3.27,0.4
5,22.0,93.0,20.9,951.3,-3.47,0.1
6,22.0,94.0,21.1,951.4,-2.53,0.1
7,21.8,94.0,20.8,951.4,-2.71,0.1
8,21.8,93.0,20.6,951.6,-2.71,1.2
9,21.5,96.0,20.8,952.4,-0.81,0.4
10,20.4,96.0,19.8,953.2,63.63,1.3
11,21.5,96.0,20.9,953.3,443.7,0.4
12,23.8,83.0,20.8,953.5,1397.0,0.9
13,26.0,77.0,21.8,953.5,3242.0,1.2
14,NaN,73.0,21.5,953.1,3508.0,2.3
15,28.1,68.0,21.6,952.2,3599.0,3.2
16,NaN,66.0,21.6,951.4,3694.0,3.6
17,29.7,61.0,21.5,950.6,3764.0,3.1
18,28.3,65.0,21.1,949.8,2486.0,3.0
19,23.4,92.0,22.1,950.0,621.3,2.6
20,24.0,90.0,22.2,949.8,602.3,0.9
21,24.6,87.0,22.4,949.6,331.0,0.4
22,23.8,94.0,22.7,950.6,49.64,0.4
23,24.1,89.0,22.2,951.3,-2.86,0.3
0,NaN,86.0,21.6,951.8,-0.72,0.4
1,23.6,91.0,22.0,952.7,-2.62,1.0
2,23.4,90.0,21.7,953.0,-2.94,0.6
3,23.3,91.0,21.7,952.8,-0.92,1.0
4,NaN,94.0,22.0,952.4,-2.53,0.0
5,NaN,91.0,21.5,952.0,-3.3,0.9
6,NaN,89.0,21.1,951.8,-3.42,0.7
7,22.7,90.0,20.9,952.0,-1.05,0.3
8,22.7,91.0,21.1,952.3,0.131,0.3
9,22.5,92.0,21.3,953.1,5.535,0.5
10,22.3,95.0,21.4,954.2,79.2,0.3
11,NaN,95.0,21.7,955.0,193.4,0.2
12,23.5,94.0,22.5,955.4,695.4,1.4
13,25.2,82.0,22.0,955.7,1082.0,0.9
14,24.1,90.0,22.4,955.7,1500.0,2.8
15,NaN,81.0,21.7,954.9,2015.0,1.0
16,25.9,81.0,22.4,954.4,2867.0,2.7
17,26.8,73.0,21.6,953.5,3909.0,2.5
18,24.7,89.0,22.8,952.7,1671.0,2.3
19,26.4,78.0,22.3,951.9,1754.0,1.7
20,25.5,84.0,22.7,951.8,1152.0,2.2
21,26.0,78.0,21.9,952.5,743.2,1.2
22,NaN,84.0,21.8,953.2,62.55,1.2
23,23.9,91.0,22.3,953.6,-3.22,1.3
0,22.9,93.0,21.8,954.1,-3.54,0.5
1,23.0,95.0,22.2,954.6,-3.29,0.2
2,NaN,95.0,22.1,955.0,-3.33,0.7
3,22.9,95.0,22.1,954.9,-3.36,0.2
4,23.0,94.0,21.9,954.2,-3.45,0.9
5,22.6,95.0,21.7,953.7,-3.53,0.1
6,22.2,95.0,21.4,953.7,-3.47,0.4
7,22.2,95.0,21.4,954.0,-3.3,1.2
8,22.1,95.0,21.3,954.3,-3.09,0.4
9,21.9,95.0,21.1,954.0,6.47,0.1
10,22.9,92.0,21.6,955.2,130.8,0.1
11,NaN,91.0,22.4,955.7,369.7,0.2
12,25.3,83.0,22.2,955.9,854.1,0.5
13,27.2,74.0,22.1,955.7,1635.0,1.9
14,27.2,73.0,21.9,955.4,1656.0,2.0
15,28.4,71.0,22.6,954.7,3167.0,2.9
16,NaN,65.0,22.1,954.0,3577.0,3.2
17,30.0,64.0,22.4,953.1,1792.0,1.5
18,29.6,61.0,21.4,952.1,2627.0,2.5
19,26.9,86.0,24.4,951.6,1262.0,2.2
20,29.5,67.0,22.8,951.6,1882.0,2.4
21,26.8,78.0,22.6,952.5,1249.0,2.9
22,NaN,94.0,23.0,953.1,41.92,1.2
23,23.1,91.0,21.6,953.7,-2.93,0.4
0,23.0,94.0,22.0,954.3,-3.1,0.8
1,22.8,95.0,22.0,954.6,-2.77,0.7
2,23.3,93.0,22.2,954.6,-2.55,0.5
3,23.1,95.0,22.2,954.6,-3.3,0.4
4,23.0,95.0,22.2,954.0,-3.42,0.2
5,23.1,95.0,22.3,953.6,-2.93,0.3
6,22.8,96.0,22.1,953.8,-2.55,0.5
7,23.0,96.0,22.3,953.5,-1.45,0.3
8,22.9,96.0,22.2,953.6,-1.45,0.8
9,22.9,96.0,22.2,954.2,6.138999999999999,0.8
10,23.4,95.0,22.6,954.3,265.0,0.7
11,23.9,90.0,22.1,955.0,513.9,1.3
12,24.6,87.0,22.2,955.0,559.5,1.8
13,NaN,79.0,21.7,955.1,1196.0,0.7
14,26.1,79.0,22.2,954.7,1298.0,2.2
15,27.3,74.0,22.2,954.1,1971.0,2.5
16,28.1,69.0,21.8,953.2,3015.0,2.9
17,28.9,67.0,22.2,952.6,1928.0,2.0
18,28.7,63.0,20.9,951.6,2255.0,2.8
19,28.7,65.0,21.6,951.0,1779.0,1.0
20,28.4,66.0,21.5,950.6,1053.0,2.3
21,27.4,73.0,22.2,950.6,448.2,0.7
22,26.3,78.0,22.3,950.0,60.57,1.2
23,25.3,83.0,22.1,951.1,-3.54,1.5
0,24.6,86.0,22.1,951.5,-3.54,0.4
1,24.6,84.0,21.7,952.4,-3.54,0.7
2,24.0,90.0,22.2,953.1,-3.54,0.2
3,23.9,90.0,22.1,953.1,-3.53,0.4
4,24.2,88.0,22.1,952.4,-3.54,1.0
5,23.2,93.0,22.0,951.9,-3.28,0.1
6,23.4,92.0,22.0,951.5,-3.05,0.8
7,23.3,93.0,22.1,951.4,-2.8,0.1
8,23.1,95.0,22.2,951.3,-2.72,0.4
9,23.1,94.0,22.0,952.0,5.18,0.3
10,NaN,92.0,22.4,952.9,258.5,0.6
11,24.6,90.0,22.8,953.1,439.3,0.3
12,27.3,79.0,23.4,953.4,1559.0,0.9
14,26.6,80.0,22.9,953.0,1315.0,0.8
15,24.0,91.0,22.5,953.0,689.4,1.5
16,26.4,76.0,21.8,952.3,1486.0,0.5
17,23.4,91.0,21.9,952.1,1094.0,1.7
18,23.3,95.0,22.5,951.0,455.9,0.6
19,23.5,95.0,22.6,950.2,380.5,0.7
20,23.8,90.0,22.0,950.0,374.0,0.4
21,23.4,94.0,22.4,950.7,104.0,0.3
22,23.3,95.0,22.4,951.2,9.056000000000001,0.5
23,22.6,93.0,21.4,951.4,-3.21,1.5
0,22.4,93.0,21.2,952.4,-3.23,0.8
1,22.1,95.0,21.2,953.1,-3.4,0.6
2,22.2,93.0,21.0,953.5,-3.01,1.2
3,22.6,90.0,20.9,952.7,-3.13,0.9
4,NaN,91.0,20.7,951.5,-3.31,0.8
5,22.4,91.0,20.9,951.2,-3.3,1.1
6,22.2,91.0,20.6,950.9,-2.5,0.0
7,21.6,94.0,20.6,950.8,-3.5,0.3
8,21.4,95.0,20.7,951.1,-2.93,0.0
9,21.1,95.0,20.4,951.3,10.5,0.3
10,22.9,89.0,21.0,951.7,299.3,0.1
11,25.0,78.0,21.0,952.3,1165.0,2.2
12,25.5,77.0,21.3,953.1,1277.0,2.9
13,26.9,72.0,21.3,953.2,2493.0,2.3
14,28.0,63.0,20.4,952.7,3599.0,3.2
15,27.9,65.0,20.7,952.2,2855.0,2.8
16,30.0,59.0,21.2,951.0,2802.0,2.7
17,NaN,52.0,19.1,949.7,3456.0,3.3
18,NaN,49.0,19.1,949.0,2316.0,2.7
19,NaN,52.0,19.3,948.6,2484.0,3.6
20,28.5,61.0,20.3,948.8,615.3,0.9
21,27.3,70.0,21.2,949.2,340.8,0.5
22,25.6,78.0,21.6,950.3,31.46,2.1
23,24.4,90.0,22.6,951.1,-3.04,0.5
0,23.9,90.0,22.2,951.7,-2.3,0.2
1,23.5,92.0,22.2,952.5,-3.46,0.2
2,23.1,93.0,22.0,952.8,-3.45,0.1
3,23.0,94.0,22.0,952.5,-3.53,0.0
4,NaN,94.0,21.8,951.7,-3.51,0.4
5,22.8,93.0,21.5,951.4,-3.41,1.0
6,22.1,95.0,21.2,951.1,-3.51,0.1
7,22.5,94.0,21.6,950.8,-3.32,0.6
8,NaN,86.0,20.9,951.2,-3.54,1.5
9,NaN,82.0,19.8,952.1,6.317,3.1
10,22.9,88.0,20.9,953.2,191.0,0.6
11,23.9,83.0,20.9,953.8,558.7,2.3
12,24.7,78.0,20.7,954.2,1030.0,2.2
13,25.0,78.0,20.9,954.5,1442.0,2.6
14,26.0,75.0,21.2,954.4,1678.0,3.1
15,28.4,66.0,21.3,953.8,2567.0,3.6
16,28.0,64.0,20.6,952.8,4039.0,3.7
17,28.0,67.0,21.3,951.7,2881.0,2.3
18,NaN,64.0,20.8,950.9,1544.0,2.9
19,25.5,80.0,21.7,949.9,1303.0,2.7
20,NaN,72.0,22.1,950.2,1363.0,1.8
21,27.1,67.0,20.4,950.8,909.8,2.8
22,25.8,71.0,20.2,951.5,118.7,2.3
23,24.8,77.0,20.5,952.2,-3.47,1.5
0,24.7,78.0,20.6,953.3,-3.54,1.9
1,24.2,80.0,20.4,954.3,-3.39,2.9
2,22.6,87.0,20.2,955.0,-3.24,1.7
3,22.2,91.0,20.6,954.4,-3.54,0.2
4,NaN,93.0,20.9,953.8,-2.82,1.3
5,NaN,92.0,21.0,953.1,-3.28,0.5
6,NaN,87.0,20.6,952.7,-3.28,1.9
7,NaN,94.0,20.2,953.4,-3.1,1.5
8,21.3,93.0,20.2,953.9,-1.63,2.2
9,NaN,92.0,20.3,954.5,-1.53,2.8
10,21.6,92.0,20.2,955.2,48.28,1.9
11,NaN,94.0,20.4,956.0,135.0,0.3
12,21.9,94.0,20.8,956.6,292.2,0.3
13,22.6,90.0,20.8,957.1,537.9,0.1
14,23.2,90.0,21.4,956.9,710.7,0.2
15,23.4,89.0,21.4,956.6,626.5,0.1
16,23.3,90.0,21.5,955.8,694.2,0.4
17,24.5,86.0,22.0,954.7,907.6,0.4
18,26.1,80.0,22.5,953.5,1535.0,0.3
19,27.0,71.0,21.4,952.5,1797.0,0.5
20,23.6,87.0,21.3,952.5,525.7,2.6
21,21.8,96.0,21.1,952.8,41.13,0.5
22,22.1,96.0,21.4,953.7,19.63,0.1
23,22.2,93.0,21.0,954.5,-2.78,1.0
0,NaN,92.0,20.4,955.4,-1.27,0.0
1,21.6,93.0,20.4,956.0,-1.76,0.1
2,NaN,93.0,20.6,956.2,-1.28,0.1
3,21.8,94.0,20.9,955.9,-2.44,0.9
4,21.7,95.0,20.8,955.7,-2.1,0.2
5,22.0,95.0,21.1,954.7,-2.94,0.4
6,22.3,91.0,20.7,954.7,-1.41,0.9
7,21.6,95.0,20.7,954.9,-3.35,0.0
8,21.7,95.0,20.9,955.1,-2.72,0.0
9,22.0,92.0,20.6,955.7,0.792,0.5
10,22.1,94.0,21.2,956.0,141.6,0.0
11,23.4,89.0,21.4,956.4,513.2,0.1
12,25.3,75.0,20.5,956.3,1210.0,0.2
13,26.1,73.0,20.9,956.2,1770.0,0.8
14,28.2,65.0,20.9,956.0,3048.0,0.6
15,28.3,65.0,21.0,955.3,2748.0,0.2
16,NaN,69.0,21.9,954.3,1544.0,0.2
17,NaN,56.0,20.2,953.0,3422.0,2.6
18,27.1,67.0,20.5,952.3,2926.0,3.1
19,26.7,75.0,21.9,951.9,1737.0,1.3
20,27.3,71.0,21.6,951.5,1651.0,1.7
21,26.5,70.0,20.6,951.6,569.9,0.8
22,25.8,77.0,21.5,952.5,95.38,0.8
23,24.9,84.0,22.1,953.6,-3.25,0.0
0,24.6,86.0,22.1,954.5,-3.26,1.6
1,NaN,91.0,20.9,955.4,-0.91,0.7
2,21.7,94.0,20.7,956.0,-2.18,1.3
3,21.5,96.0,20.8,955.9,-1.64,0.2
4,21.4,96.0,20.7,955.3,-2.21,0.1
5,21.3,96.0,20.7,954.9,-2.1,0.1
6,21.3,96.0,20.7,954.5,-2.57,0.0
7,21.5,96.0,20.9,954.5,-1.5,0.2
8,21.5,96.0,20.9,954.4,-2.61,0.1
9,21.4,96.0,20.8,954.6,-1.35,0.0
10,21.9,96.0,21.3,954.6,148.0,0.0
11,22.5,96.0,21.8,954.9,471.4,0.4
12,23.7,92.0,22.4,955.5,702.9,0.3
13,24.4,86.0,22.0,956.0,1110.0,0.3
14,25.0,82.0,21.7,956.2,1326.0,1.0
15,25.8,80.0,22.1,955.8,1802.0,1.4
16,26.9,76.0,22.3,954.7,2361.0,0.9
17,NaN,69.0,20.2,954.1,1993.0,2.1
18,NaN,83.0,21.1,953.4,879.7,2.4
19,NaN,84.0,21.3,953.3,1049.0,2.4
20,22.8,92.0,21.3,953.3,765.4,2.5
21,23.1,87.0,20.9,953.0,660.1,1.4
22,22.5,90.0,20.7,953.1,83.54,1.1
23,22.0,93.0,20.8,953.4,-3.03,0.0
0,21.8,95.0,20.9,954.0,-3.11,0.0
1,21.6,95.0,20.8,954.8,-3.19,0.2
2,21.6,95.0,20.8,955.3,-2.72,0.0
3,21.4,95.0,20.6,955.0,-3.19,0.3
4,21.7,92.0,20.2,954.6,-3.44,1.2
5,21.3,91.0,19.8,954.1,-3.23,0.2
6,20.8,91.0,19.3,953.6,-3.2,0.4
7,20.9,92.0,19.5,953.3,-3.48,0.3
8,20.6,95.0,19.8,953.3,-2.7,0.1
9,20.3,95.0,19.5,953.8,2.56,0.1
10,NaN,94.0,20.3,954.2,177.8,0.2
11,22.5,88.0,20.4,954.9,418.4,0.1
12,24.8,82.0,21.6,955.7,917.8,0.1
13,26.4,68.0,20.1,955.6,1600.0,1.1
14,29.4,60.0,20.8,955.2,3432.0,0.5
15,30.1,49.0,18.3,954.9,3612.0,1.9
16,31.1,53.0,20.4,954.2,3612.0,2.1
17,NaN,57.0,20.9,953.5,2831.0,1.6
18,31.5,50.0,19.9,952.6,3361.0,1.6
19,30.5,56.0,20.6,952.1,2000.0,2.0
20,28.6,65.0,21.3,951.9,1439.0,2.1
21,24.3,77.0,20.1,952.3,159.8,1.0
22,24.2,81.0,20.7,952.7,53.69,0.1
23,23.4,86.0,21.0,953.4,-3.5,0.1
0,23.5,85.0,20.8,954.4,-3.32,1.0
1,NaN,89.0,21.4,955.0,-3.3,0.0
2,23.3,88.0,21.2,955.7,-2.98,0.7
3,22.8,95.0,21.8,955.3,-2.84,0.0
4,NaN,95.0,21.9,955.0,-3.02,0.0
5,22.2,96.0,21.4,954.4,-3.09,0.0
6,22.0,96.0,21.3,954.0,-3.1,0.0
7,22.7,91.0,21.1,954.1,-3.43,0.9
8,21.8,94.0,20.8,954.4,-3.44,0.0
9,21.5,95.0,20.6,954.9,4.919,0.0
10,22.8,91.0,21.2,955.7,124.1,0.1
11,25.0,85.0,22.4,956.4,609.4,0.0
12,27.4,66.0,20.5,956.9,1428.0,2.7
13,29.9,54.0,19.6,956.9,2729.0,1.7
14,31.6,54.0,21.0,956.8,3351.0,1.6
15,30.6,53.0,20.0,956.4,3226.0,2.0
16,31.6,49.0,19.5,955.4,3328.0,2.8
17,32.7,44.0,18.8,954.5,3808.0,2.5
18,32.1,46.0,18.8,953.8,2795.0,2.1
19,32.6,45.0,19.1,953.1,1828.0,1.5
20,31.0,49.0,19.0,952.8,967.6,1.2
21,27.9,71.0,22.1,953.6,384.8,0.4
22,27.1,76.0,22.5,954.1,84.78,0.0
23,26.1,80.0,22.4,954.8,-2.92,0.0
0,NaN,81.0,21.9,955.3,-3.53,0.0
1,24.3,87.0,22.0,956.1,-3.54,0.0
2,23.9,90.0,22.1,956.6,-3.54,0.0
3,23.5,90.0,21.8,956.1,-3.53,0.0
4,23.7,84.0,20.8,955.8,-3.54,0.0
5,23.7,82.0,20.5,955.3,-3.38,0.0
6,23.5,86.0,21.0,954.9,-2.97,0.0
7,22.6,88.0,20.5,954.7,-3.49,0.0
8,22.1,87.0,19.9,955.4,-3.54,0.0
9,21.6,86.0,19.2,956.2,1.177,0.0
10,NaN,78.0,19.2,956.7,107.0,0.0
11,27.9,56.0,18.4,957.3,975.9,1.9
12,30.1,50.0,18.7,957.8,2205.0,1.9
13,30.9,47.0,18.3,958.0,2934.0,2.8
14,NaN,45.0,18.2,957.9,3468.0,3.1
15,32.3,41.0,17.3,957.6,3882.0,2.4
16,32.7,42.0,18.0,957.2,3763.0,2.4
17,33.4,37.0,16.5,956.3,3934.0,2.1
18,33.6,37.0,16.7,955.3,3401.0,1.3
19,NaN,38.0,17.0,954.7,2685.0,2.7
20,NaN,34.0,15.3,954.1,1876.0,2.0
21,32.7,38.0,16.4,954.0,975.4,0.7
22,NaN,51.0,18.6,954.2,177.8,0.0
23,NaN,62.0,19.2,954.9,-3.54,1.5
0,26.2,68.0,19.8,955.7,-3.54,1.7
1,NaN,69.0,19.9,956.0,-3.52,0.3
2,22.3,92.0,20.9,956.4,-3.35,0.3
3,NaN,92.0,20.9,956.3,-3.4,0.2
4,22.1,92.0,20.7,955.5,-2.36,0.0
5,22.2,89.0,20.3,954.9,-3.12,0.5
6,22.0,90.0,20.2,954.6,-3.54,0.0
7,21.5,92.0,20.2,954.3,-3.54,0.3
8,20.9,93.0,19.7,954.3,-3.54,0.1
9,20.9,94.0,19.8,954.4,3.3680000000000003,0.0
10,25.6,65.0,18.5,954.9,104.4,2.1
11,27.6,58.0,18.5,955.4,954.5,2.9
12,28.6,52.0,17.7,955.7,2204.0,5.6
13,30.5,45.0,17.2,956.3,2976.0,2.7
14,32.0,37.0,15.4,956.2,3557.0,2.7
15,32.3,34.0,14.6,955.7,3927.0,3.4
16,33.1,36.0,15.9,955.1,3872.0,1.5
17,33.8,32.0,14.7,954.3,3423.0,0.8
18,33.0,35.0,15.4,953.6,2830.0,1.1
19,NaN,26.0,11.9,953.1,2637.0,2.0
20,34.1,27.0,12.3,953.0,1954.0,1.3
21,NaN,28.0,11.9,953.1,1013.0,0.9
22,28.9,45.0,15.6,953.7,175.7,0.0
23,NaN,58.0,17.5,954.2,-3.54,0.0
0,24.5,62.0,16.9,954.7,-3.54,0.0
1,23.7,65.0,16.9,955.2,-3.54,0.0
2,NaN,71.0,17.6,955.3,-3.54,0.0
3,23.2,68.0,17.0,954.9,-3.54,0.0
4,22.8,71.0,17.3,954.2,-3.54,0.0
5,22.3,72.0,17.1,953.8,-3.54,0.0
6,NaN,65.0,16.3,953.4,-3.54,0.0
7,22.4,71.0,16.8,953.7,-3.54,0.0
8,21.5,75.0,16.8,954.0,-3.54,0.0
9,21.7,73.0,16.8,954.8,0.33899999999999997,0.3
10,26.1,50.0,14.8,955.4,97.28,3.5
11,27.9,44.0,14.7,955.5,943.3,4.9
12,29.2,41.0,14.6,955.6,2195.0,5.0
13,30.7,38.0,14.8,955.7,2988.0,3.9
14,31.8,37.0,15.3,955.5,3576.0,2.9
15,31.9,35.0,14.3,954.9,3929.0,2.0
16,34.4,31.0,14.8,954.2,4237.0,2.0
17,NaN,32.0,15.9,953.7,3534.0,1.5
18,33.9,31.0,14.6,952.9,2788.0,0.1
19,34.0,31.0,14.4,952.0,2787.0,1.6
20,33.7,32.0,14.8,951.8,1894.0,1.1
21,32.7,36.0,15.7,951.9,988.7,2.2
22,30.1,49.0,18.3,952.2,161.5,0.0
23,27.5,59.0,18.7,952.5,-3.54,0.0
0,25.6,68.0,19.2,953.5,-3.54,0.0
1,24.3,75.0,19.6,954.3,-3.48,0.0
2,23.6,76.0,19.2,954.4,-3.54,0.0
3,23.2,80.0,19.5,954.1,-3.54,0.0
4,22.6,80.0,19.0,953.7,-3.54,0.0
5,22.1,84.0,19.3,953.2,-3.54,0.0
6,21.7,85.0,19.1,952.9,-3.54,0.0
7,21.4,85.0,18.8,953.1,-3.54,0.0
8,21.2,86.0,18.8,953.8,-3.54,0.0
9,21.0,88.0,18.9,954.5,2.2840000000000003,0.0
10,21.9,85.0,19.2,955.0,151.6,0.0
11,26.6,67.0,20.1,955.5,940.8,0.0
12,31.0,48.0,18.8,956.0,2133.0,0.0
13,31.9,45.0,18.5,956.3,2884.0,1.8
14,32.1,45.0,18.7,956.1,3520.0,2.6
15,31.3,49.0,19.5,955.6,3741.0,3.5
16,33.6,39.0,17.8,954.7,3425.0,2.1
17,34.1,36.0,17.1,953.6,3707.0,2.5
18,34.8,39.0,18.9,952.5,3509.0,1.5
19,33.6,39.0,17.6,951.6,2296.0,2.7
20,34.1,38.0,17.9,951.3,1987.0,2.0
21,33.1,42.0,18.5,951.4,861.1,1.8
22,29.8,54.0,19.5,952.2,156.0,0.0
23,NaN,64.0,20.8,952.7,-3.54,0.0
0,26.8,71.0,21.0,953.4,-3.54,0.0
1,NaN,74.0,20.9,954.1,-3.48,0.0
2,25.0,81.0,21.4,954.3,-3.54,0.0
3,24.4,82.0,21.0,953.9,-3.54,0.0
4,24.1,82.0,20.7,953.7,-3.54,0.0
5,23.6,82.0,20.4,953.3,-3.54,1.7
6,23.3,84.0,20.5,953.3,-3.46,0.0
7,NaN,85.0,20.4,953.1,-3.53,0.1
8,NaN,86.0,20.7,953.4,-3.54,0.0
9,NaN,87.0,20.4,953.8,-0.27,0.2
10,24.1,83.0,21.1,954.7,215.6,0.0
11,28.0,66.0,21.1,955.1,991.0,0.0
12,30.7,58.0,21.3,955.5,2036.0,0.5
13,32.1,49.0,19.9,955.4,2676.0,0.2
14,32.8,47.0,19.9,954.8,3546.0,1.5
15,33.0,48.0,20.4,954.1,3022.0,3.1
16,32.4,48.0,20.0,953.3,3926.0,3.0
17,NaN,53.0,19.7,952.3,3229.0,4.5
18,29.1,54.0,18.9,951.7,2126.0,2.7
19,27.7,57.0,18.4,951.8,227.9,0.2
20,26.3,70.0,20.3,952.1,73.43,0.7
21,24.4,85.0,21.7,953.9,35.27,1.3
22,21.6,94.0,20.6,954.7,5.35,0.0
23,22.0,90.0,20.2,954.6,-2.95,1.5
0,21.8,91.0,20.4,954.9,-3.28,0.0
1,NaN,94.0,20.9,955.1,-3.04,0.0
2,NaN,91.0,20.3,954.7,-2.55,0.7
3,21.8,92.0,20.6,954.5,-2.24,1.1
4,NaN,91.0,21.1,954.2,-3.1,1.4
5,22.0,92.0,20.6,954.0,-3.26,0.7
6,22.0,94.0,21.1,953.8,-2.83,0.0
7,NaN,93.0,20.9,953.9,-3.19,0.7
8,21.9,92.0,20.7,954.6,-3.01,0.0
9,21.9,94.0,21.0,955.4,-0.78,0.6
10,22.3,91.0,20.8,955.9,125.2,0.0
11,NaN,84.0,21.2,956.6,683.9,0.7
12,26.1,78.0,22.1,955.9,1309.0,0.6
13,27.9,67.0,21.2,956.4,2609.0,1.5
14,28.4,65.0,21.2,956.1,2998.0,2.6
15,29.0,64.0,21.6,955.8,3318.0,3.0
16,29.5,58.0,20.4,955.1,3830.0,2.5
17,31.1,58.0,21.9,954.1,2070.0,0.1
18,31.1,59.0,22.0,953.3,3007.0,1.6
19,31.3,52.0,20.2,952.5,3161.0,2.1
20,30.8,52.0,19.8,952.1,1877.0,1.9
21,30.9,53.0,20.1,952.3,1349.0,0.5
22,NaN,63.0,20.7,952.4,308.2,0.0
23,26.4,74.0,21.3,953.2,-3.54,0.0
0,25.3,79.0,21.5,954.6,-3.54,0.0
1,24.7,81.0,21.2,955.1,-3.54,0.0
2,24.5,84.0,21.6,955.5,-3.54,0.0
3,23.9,85.0,21.2,955.0,-3.54,0.1
4,23.4,88.0,21.3,954.3,-3.54,0.0
5,NaN,89.0,20.9,953.9,-3.54,0.0
6,22.6,88.0,20.5,953.6,-3.54,0.0
7,22.1,90.0,20.5,953.9,-3.54,0.0
8,21.7,91.0,20.2,954.2,-3.54,0.0
9,21.7,92.0,20.3,954.9,-0.77,0.0
10,23.3,86.0,20.9,955.5,109.8,0.0
11,26.9,71.0,21.2,955.9,878.4,0.1
12,28.6,62.0,20.7,956.6,2102.0,0.6
13,30.5,59.0,21.7,956.3,2962.0,1.7
14,31.3,55.0,21.3,955.9,3125.0,1.7
15,31.7,52.0,20.8,955.4,3303.0,1.6
16,33.7,52.0,22.3,954.7,3286.0,2.7
17,NaN,84.0,21.3,954.1,626.8,0.1
18,27.0,70.0,21.0,954.0,1073.0,0.4
19,29.7,54.0,19.4,953.0,2865.0,0.5
20,31.5,55.0,21.4,952.7,2032.0,0.3
21,30.1,59.0,21.2,952.1,935.3,0.0
22,NaN,77.0,22.5,952.8,93.39,0.0
23,25.5,84.0,22.6,953.2,-3.54,0.0
0,24.6,82.0,21.3,954.0,-3.54,0.0
1,24.3,84.0,21.3,954.6,-3.54,0.0
2,23.6,88.0,21.6,954.6,-3.54,0.0
3,23.1,89.0,21.2,954.6,-3.53,0.0
4,23.0,89.0,21.1,954.3,-3.54,0.0
5,22.8,91.0,21.3,953.9,-3.54,0.0
6,NaN,92.0,21.2,953.7,-3.22,0.0
7,22.6,91.0,21.0,953.7,-3.31,0.0
8,22.2,93.0,20.9,954.1,-3.53,0.0
9,22.4,92.0,21.1,954.9,2.449,0.0
10,NaN,88.0,21.4,955.6,120.3,0.0
11,26.8,74.0,21.8,956.1,855.5,0.0
12,29.4,63.0,21.6,956.5,2076.0,0.0
13,31.1,60.0,22.3,956.9,2860.0,0.9
14,32.5,52.0,21.3,956.4,3458.0,0.1
15,32.9,52.0,21.6,955.7,3765.0,1.6
16,34.0,42.0,19.2,954.8,3865.0,2.7
17,34.8,38.0,18.5,953.8,3834.0,2.4
18,NaN,45.0,19.5,953.3,2156.0,2.0
19,25.9,90.0,24.1,952.9,571.8,0.0
20,27.5,78.0,23.3,952.4,602.7,0.8
21,NaN,66.0,21.7,952.7,878.1,2.6
22,NaN,69.0,20.5,953.0,235.0,1.3
23,NaN,79.0,21.6,953.5,-3.52,0.0
0,25.2,80.0,21.5,954.5,-3.44,0.0
1,24.3,84.0,21.4,955.3,-3.54,0.0
2,NaN,89.0,21.6,955.6,-3.54,0.0
3,23.7,85.0,20.9,955.3,-3.54,0.0
4,NaN,88.0,20.9,954.5,-3.54,0.0
5,NaN,90.0,21.0,953.7,-3.54,0.0
6,22.5,91.0,20.9,953.7,-3.54,0.0
7,22.5,89.0,20.6,953.8,-3.53,0.0
8,22.4,91.0,20.8,954.0,-3.46,0.0
9,22.6,91.0,21.1,954.5,-1.09,0.0
10,24.2,86.0,21.7,955.2,159.0,0.0
11,27.0,74.0,21.9,955.7,856.0,0.2
12,30.6,61.0,22.3,955.7,1903.0,0.0
13,30.5,61.0,22.0,955.8,2792.0,0.4
14,31.5,56.0,21.6,955.6,3341.0,1.3
15,33.1,52.0,22.0,955.0,3785.0,0.8
16,33.4,49.0,21.3,954.0,3673.0,0.3
17,27.6,64.0,20.2,952.9,1758.0,1.3
18,25.0,68.0,18.6,952.4,144.3,1.5
19,NaN,73.0,20.3,951.7,66.63,2.3
20,24.0,70.0,18.2,952.5,57.03,0.9
21,25.0,63.0,17.6,952.1,113.3,1.6
22,25.1,65.0,18.2,952.9,10.56,1.8
23,24.5,71.0,18.9,953.7,-3.46,0.0
0,25.4,65.0,18.3,953.9,-3.46,0.7
1,25.6,63.0,18.1,954.3,-3.49,1.8
2,25.1,63.0,17.6,954.3,-3.49,2.6
3,NaN,70.0,18.2,954.7,-3.54,0.0
4,23.4,76.0,19.0,955.1,-3.49,0.0
5,22.8,79.0,19.0,954.8,-3.52,0.0
6,22.2,85.0,19.6,954.5,-3.46,0.0
7,22.2,80.0,18.6,954.8,-3.47,0.0
8,22.9,73.0,17.8,954.9,-3.39,2.2
9,22.4,76.0,18.0,955.9,-2.96,2.3
10,22.4,78.0,18.5,956.5,119.4,0.2
11,23.4,72.0,18.0,956.9,404.0,0.2
12,24.3,70.0,18.4,956.6,810.0,2.4
13,NaN,62.0,18.8,956.7,1822.0,1.9
14,NaN,58.0,19.1,956.3,2808.0,2.2
15,30.2,53.0,19.6,955.6,3728.0,3.4
16,NaN,48.0,20.9,954.8,3792.0,1.7
17,NaN,43.0,18.1,954.0,3589.0,2.0
18,34.2,42.0,19.4,953.0,3180.0,2.0
19,34.5,42.0,19.6,951.9,2906.0,0.3
20,33.3,43.0,19.0,951.4,1668.0,1.5
21,NaN,45.0,19.1,951.5,736.5,1.2
22,27.2,61.0,19.0,952.9,216.4,3.4
23,25.6,64.0,18.2,954.2,-3.28,0.9
0,23.0,85.0,20.3,955.4,-3.46,1.8
1,21.9,90.0,20.1,955.9,-3.53,0.2
2,22.6,88.0,20.4,955.8,-2.21,0.0
3,NaN,91.0,20.3,955.3,-3.45,0.0
4,21.8,88.0,19.6,954.9,-3.54,0.0
5,21.9,85.0,19.2,954.6,-3.54,0.0
6,21.7,82.0,18.5,954.5,-3.52,0.0
7,21.2,82.0,18.0,954.1,-3.54,0.3
8,20.9,83.0,18.0,954.2,-3.53,0.0
9,20.8,82.0,17.7,954.7,-0.09,0.2
10,NaN,79.0,18.1,955.3,115.9,0.0
11,24.5,70.0,18.7,956.0,696.6,0.0
12,26.8,65.0,19.8,956.7,1490.0,0.0
13,28.2,62.0,20.4,956.9,2858.0,2.0
14,NaN,61.0,20.8,957.1,3497.0,2.3
15,NaN,56.0,20.4,956.7,3523.0,2.7
16,NaN,50.0,20.0,956.1,3924.0,3.4
17,31.8,50.0,20.1,955.2,3662.0,4.0
18,32.5,46.0,19.3,954.1,2754.0,2.6
19,31.3,49.0,19.4,953.2,2862.0,3.0
20,27.1,63.0,19.4,953.5,316.1,1.5
21,27.4,64.0,19.9,954.0,486.5,0.5
22,NaN,56.0,17.5,954.0,117.3,0.0
23,24.6,70.0,18.8,954.6,-3.32,0.0
0,24.0,75.0,19.4,955.2,-3.5,0.0
1,23.3,81.0,19.8,955.4,-3.54,0.0
2,NaN,83.0,19.7,956.0,-3.54,0.0
3,22.1,86.0,19.6,955.9,-3.54,0.0
4,22.2,87.0,19.9,955.7,-3.54,0.0
5,21.9,88.0,19.8,955.5,-3.54,0.0
6,21.7,90.0,20.0,955.4,-3.53,0.0
7,21.6,89.0,19.6,955.7,-3.53,0.0
8,22.1,86.0,19.6,955.8,-3.53,0.1
9,NaN,87.0,19.4,956.3,-0.61,0.0
10,22.4,86.0,19.9,956.6,108.7,0.0
11,26.1,69.0,20.0,957.0,843.0,0.6
12,29.5,57.0,20.1,957.4,2022.0,0.0
13,30.5,50.0,18.9,957.8,2847.0,0.8
14,29.3,57.0,20.0,957.3,2433.0,2.2
15,31.8,46.0,18.9,957.2,3161.0,2.1
16,31.8,41.0,16.9,956.8,2937.0,0.7
17,26.9,60.0,18.5,956.4,3964.0,9.3
18,NaN,59.0,18.5,955.9,1074.0,1.5
19,29.6,54.0,19.2,955.3,2495.0,0.1
20,29.8,53.0,19.0,954.6,1254.0,0.0
21,28.2,59.0,19.4,955.1,494.8,0.0
22,26.6,71.0,20.8,955.2,63.14,0.0
23,25.4,77.0,21.0,956.0,-3.53,0.0
0,24.3,80.0,20.6,956.3,-3.54,0.0
1,22.9,88.0,20.8,956.4,-3.54,0.0
2,NaN,82.0,19.6,956.7,-3.54,0.0
3,21.9,88.0,19.7,956.1,-3.54,0.0
4,21.7,84.0,18.8,955.5,-3.54,0.0
5,21.5,84.0,18.7,954.9,-3.54,0.0
6,21.0,86.0,18.6,954.5,-3.54,0.0
7,NaN,88.0,18.8,954.5,-3.54,0.0
8,20.6,88.0,18.6,955.0,-3.53,0.0
9,21.0,85.0,18.5,955.5,-2.15,0.0
10,22.6,81.0,19.1,956.0,167.0,0.0
11,25.0,71.0,19.4,956.3,787.3,0.4
12,29.7,51.0,18.5,956.6,1968.0,0.4
13,NaN,45.0,18.7,956.5,2840.0,0.0
14,32.3,39.0,16.6,956.1,3330.0,1.4
15,33.8,32.0,14.7,955.6,3956.0,1.2
16,34.0,32.0,14.9,955.2,3044.0,1.8
17,32.6,38.0,16.4,954.7,1938.0,1.2
18,34.4,27.0,12.7,953.3,3439.0,2.1
19,32.6,32.0,13.8,952.5,2187.0,0.2
20,34.4,31.0,14.9,951.8,1809.0,0.3
21,31.8,48.0,19.6,952.1,976.0,3.0
22,29.3,57.0,19.9,952.5,188.9,1.1
23,27.6,65.0,20.3,953.5,-3.54,0.0
0,NaN,70.0,20.7,954.2,-3.54,0.0
1,25.2,73.0,20.0,954.6,-3.48,0.0
2,23.2,89.0,21.2,955.1,-3.42,0.1
3,23.8,85.0,21.0,955.0,-2.16,0.6
4,23.9,84.0,21.1,954.5,-2.38,0.0
5,NaN,84.0,20.5,954.0,-1.5,0.0
6,NaN,85.0,21.1,953.9,-2.9,0.0
7,23.8,80.0,20.2,954.1,-2.51,0.0
8,23.4,78.0,19.2,954.2,-3.53,0.0
9,22.9,81.0,19.6,955.2,-1.08,0.0
10,23.4,81.0,19.9,955.6,113.3,0.0
11,27.7,54.0,17.7,955.7,847.2,3.0
12,29.4,52.0,18.4,956.1,2069.0,3.6
13,31.3,45.0,18.1,956.2,2858.0,2.4
14,32.0,42.0,17.6,955.7,3483.0,2.6
15,32.8,39.0,16.9,955.2,3487.0,1.5
16,33.9,39.0,17.9,954.7,2854.0,0.0
17,34.3,31.0,14.7,953.8,3495.0,1.1
18,35.3,30.0,14.8,952.8,3602.0,1.5
19,34.6,29.0,14.1,952.0,2386.0,2.2
20,NaN,30.0,15.3,951.6,1369.0,0.5
21,33.9,40.0,18.3,951.7,976.1,0.3
22,31.0,45.0,17.8,951.7,230.5,0.0
23,28.6,56.0,19.0,952.2,-3.54,0.0
0,26.6,65.0,19.5,953.2,-3.54,0.0
1,25.8,69.0,19.7,953.6,-3.45,0.0
2,25.9,69.0,19.8,954.0,-3.35,0.0
3,26.5,68.0,20.1,953.7,-2.56,2.5
4,26.9,62.0,19.1,953.5,-1.91,2.1
5,25.6,69.0,19.5,953.4,-2.36,0.0
6,24.2,80.0,20.5,953.9,-3.4,0.9
7,24.2,77.0,19.9,954.3,-3.5,0.0
8,23.3,84.0,20.5,954.7,-3.54,0.0
9,23.2,83.0,20.3,955.5,-1.18,0.0
10,24.4,74.0,19.5,955.2,143.6,0.0
11,NaN,62.0,20.1,955.6,882.2,0.0
12,30.0,53.0,19.5,956.4,2036.0,1.6
13,31.6,45.0,18.2,956.7,3101.0,2.8
14,32.6,38.0,16.4,956.4,3587.0,3.6
15,32.7,40.0,17.3,956.0,2976.0,3.1
16,NaN,37.0,17.2,955.8,3410.0,2.8
17,33.5,34.0,15.6,955.0,2445.0,1.7
18,34.1,34.0,16.0,953.7,2687.0,2.2
19,33.4,36.0,16.1,953.0,2585.0,1.9
20,32.6,39.0,16.7,953.0,1660.0,2.8
21,31.8,47.0,19.2,953.2,888.1,3.0
22,NaN,57.0,19.6,954.1,64.17,0.8
23,NaN,62.0,19.9,954.7,-3.54,0.0
0,26.5,68.0,20.2,955.3,-3.54,0.0
1,NaN,72.0,20.4,956.1,-3.54,0.0
2,25.0,78.0,20.9,956.6,-3.54,0.0
3,NaN,79.0,20.5,955.9,-3.54,0.0
4,NaN,82.0,20.7,955.5,-3.54,0.0
5,NaN,83.0,21.0,955.2,-3.19,0.0
6,23.9,86.0,21.4,955.2,-3.36,0.0
7,23.6,87.0,21.3,955.2,-3.54,0.0
8,23.2,89.0,21.3,955.9,-3.53,0.0
9,23.2,89.0,21.2,956.8,-2.5,0.0
10,24.0,85.0,21.4,957.6,186.8,0.0
11,27.6,72.0,22.1,958.1,878.8,0.0
12,29.8,60.0,21.1,958.2,1802.0,0.9
13,32.2,48.0,19.8,957.8,2823.0,0.0
14,32.5,46.0,19.3,957.2,3352.0,0.8
15,30.9,51.0,19.5,956.4,2337.0,2.5
16,33.9,42.0,19.3,955.8,2480.0,1.8
17,33.2,40.0,17.8,955.1,2984.0,0.4
18,34.2,41.0,19.1,954.4,1520.0,1.5
19,35.4,36.0,18.0,953.6,2206.0,0.5
20,33.5,38.0,17.1,953.0,1764.0,1.5
21,32.3,43.0,18.2,952.7,602.1,0.0
22,29.4,57.0,20.1,952.8,165.3,0.0
23,27.4,64.0,20.0,953.2,-3.54,0.0
0,26.3,66.0,19.5,953.7,-3.54,0.0
1,24.6,73.0,19.4,954.4,-3.54,0.0
2,23.6,77.0,19.4,954.8,-3.54,0.3
3,23.1,78.0,19.0,954.8,-3.54,0.0
4,NaN,82.0,19.2,954.6,-3.54,0.0
5,22.8,80.0,19.2,954.3,-3.54,0.0
6,22.3,81.0,18.7,953.9,-3.49,0.0
7,21.4,82.0,18.2,953.9,-3.54,0.0
8,21.0,78.0,17.0,954.5,-3.54,0.0
9,NaN,82.0,17.5,955.2,-2.28,0.0
10,NaN,74.0,17.4,955.9,115.6,0.0
11,26.9,56.0,17.5,956.0,816.7,0.0
12,NaN,51.0,18.9,956.3,1927.0,0.0
13,33.2,36.0,16.1,956.3,2849.0,1.2
14,34.3,25.0,11.2,956.0,3341.0,1.9
15,34.5,24.0,11.1,955.4,3844.0,2.6
16,35.1,22.0,10.4,954.3,3956.0,2.2
17,35.8,24.0,12.0,953.4,3398.0,1.9
18,36.3,25.0,13.0,952.5,2634.0,1.2
19,35.6,25.0,12.7,952.3,1790.0,2.1
20,35.8,25.0,12.6,952.2,2202.0,2.1
21,35.2,25.0,12.4,952.6,1115.0,0.0
22,31.1,42.0,16.9,952.9,191.3,0.0
23,28.0,52.0,17.2,953.1,-3.54,0.0
0,26.7,50.0,15.5,953.7,-3.54,0.0
1,24.8,62.0,17.1,954.2,-3.54,0.0
2,26.1,67.0,19.6,955.1,-3.54,0.4
3,24.7,70.0,18.9,955.2,-3.54,0.0
4,NaN,73.0,19.3,954.5,-3.54,0.0
5,NaN,81.0,19.8,954.8,-3.54,0.0
6,NaN,83.0,19.7,954.6,-3.54,0.0
7,22.2,87.0,19.8,955.0,-3.54,0.0
8,NaN,86.0,19.7,955.2,-3.54,0.0
9,21.5,90.0,19.8,955.6,-2.9,0.0
10,22.8,86.0,20.3,956.2,133.3,0.0
11,24.6,80.0,20.8,956.7,392.2,0.0
12,28.8,58.0,19.8,957.3,2160.0,0.6
13,NaN,50.0,18.5,957.1,2767.0,1.8
14,31.2,47.0,18.6,956.5,3413.0,1.5
15,32.5,43.0,18.3,955.9,3794.0,1.8
16,NaN,41.0,19.5,954.9,3780.0,1.8
17,33.4,43.0,19.1,953.8,2689.0,2.3
18,NaN,41.0,19.4,953.0,3060.0,2.3
19,32.1,49.0,19.9,952.2,1073.0,0.1
20,32.8,47.0,19.8,952.0,1051.0,1.4
21,32.0,49.0,20.0,952.1,1012.0,0.3
22,30.1,57.0,20.5,952.3,74.22,0.0
23,25.5,83.0,22.4,953.2,-3.5,1.6
0,24.1,82.0,21.0,953.8,4.747,1.2
1,24.0,85.0,21.4,954.3,0.597,0.9
2,22.8,91.0,21.2,955.2,-3.37,0.0
3,22.9,93.0,21.8,954.6,-3.38,0.0
4,22.2,93.0,21.0,954.5,-3.37,0.0
5,22.3,93.0,21.2,954.1,-3.2,0.2
6,22.4,94.0,21.3,954.0,-3.37,0.0
7,22.1,93.0,20.9,953.8,-3.4,0.1
8,22.0,93.0,20.8,954.2,-3.29,0.8
9,22.0,94.0,21.1,954.7,-1.18,0.0
10,22.7,90.0,21.1,956.1,106.4,0.9
11,24.6,84.0,21.8,956.5,801.6,1.2
12,26.8,76.0,22.2,956.7,1980.0,0.7
13,28.4,71.0,22.7,956.9,2823.0,2.0
14,NaN,60.0,21.1,956.7,3323.0,2.2
15,30.6,58.0,21.4,956.2,3560.0,2.1
16,28.5,67.0,21.7,955.7,1376.0,2.2
17,27.2,76.0,22.6,955.0,324.6,0.5
18,26.4,76.0,21.7,954.3,232.8,0.1
19,24.8,77.0,20.6,953.8,114.1,0.9
20,24.6,73.0,19.4,953.7,196.8,1.2
21,24.1,75.0,19.3,953.0,303.4,1.5
22,23.4,72.0,18.1,952.9,99.44,1.5
23,22.3,77.0,18.0,953.9,-3.54,0.0
0,21.6,81.0,18.2,954.5,-3.54,0.0
1,21.1,80.0,17.5,954.9,-3.54,0.0
2,NaN,82.0,17.7,954.9,-3.53,0.0
3,NaN,85.0,17.9,954.5,-3.53,0.0
4,20.3,89.0,18.4,954.2,-3.53,0.0
5,20.4,88.0,18.3,953.7,-3.51,0.0
6,20.0,90.0,18.3,953.6,-3.54,0.0
7,19.9,92.0,18.6,953.8,-3.54,0.0
8,20.2,92.0,18.8,954.3,-3.54,0.0
9,20.4,92.0,19.0,954.8,-2.75,0.0
10,NaN,86.0,20.2,955.5,319.2,0.8
11,NaN,72.0,20.8,956.3,878.8,0.0
12,27.2,66.0,20.4,956.7,2014.0,1.3
13,28.7,66.0,21.8,956.8,2811.0,1.1
14,NaN,60.0,20.8,956.3,3242.0,0.0
15,33.4,50.0,21.7,955.6,3912.0,0.2
16,31.5,50.0,19.9,955.0,2951.0,1.9
17,31.6,48.0,19.3,954.1,2796.0,2.5
18,NaN,92.0,19.4,954.9,81.72,1.9
19,22.2,90.0,20.6,953.5,284.9,0.0
20,25.5,76.0,21.0,951.8,1041.0,0.3
21,25.9,73.0,20.7,952.4,1136.0,0.7
22,24.5,84.0,21.6,953.4,81.1,1.3
23,NaN,92.0,22.3,953.9,-3.37,0.1
0,NaN,91.0,20.7,954.6,-3.18,1.5
1,22.0,94.0,21.0,954.7,-1.64,0.8
2,21.5,94.0,20.5,955.7,-3.28,0.4
3,21.3,95.0,20.5,955.5,-3.19,0.5
4,20.8,95.0,20.0,955.3,-3.18,0.5
5,20.4,94.0,19.5,954.8,-3.3,1.1
6,20.2,96.0,19.5,954.2,-3.47,0.0
7,20.0,95.0,19.2,954.5,-3.52,0.8
8,19.8,96.0,19.1,954.7,-3.53,0.0
9,19.6,96.0,18.9,955.3,-1.64,0.0
10,20.4,96.0,19.7,956.0,133.7,0.2
11,23.8,86.0,21.4,956.4,832.5,0.0
12,25.7,75.0,20.8,956.8,2034.0,1.3
13,27.7,65.0,20.4,957.0,2830.0,1.3
14,NaN,61.0,20.9,957.0,3441.0,0.8
15,NaN,59.0,22.0,956.3,3800.0,1.9
16,32.0,48.0,19.5,955.7,3874.0,1.6
17,33.7,42.0,19.2,954.8,3468.0,1.7
18,32.7,44.0,18.9,953.6,2699.0,1.5
19,32.8,43.0,18.5,952.9,1879.0,1.0
20,NaN,46.0,19.0,952.1,1633.0,2.6
21,31.4,51.0,19.9,952.1,1123.0,0.0
22,26.1,77.0,21.8,952.2,123.5,0.6
23,25.3,86.0,22.7,952.9,-3.53,0.0
0,NaN,88.0,22.0,954.0,-3.54,0.0
1,NaN,83.0,21.0,954.5,-3.54,0.0
2,23.2,89.0,21.3,955.2,-3.53,0.0
3,NaN,89.0,21.1,955.2,-3.54,0.0
4,NaN,89.0,20.5,955.2,-3.54,0.0
5,22.5,89.0,20.5,954.7,-3.51,0.0
6,NaN,91.0,20.4,954.5,-3.54,0.0
7,21.5,91.0,20.0,954.5,-3.53,0.0
8,20.7,92.0,19.3,954.7,-3.54,0.0
9,NaN,91.0,18.9,955.1,-3.06,0.0
10,21.2,85.0,18.5,955.6,106.8,0.0
11,24.9,71.0,19.4,956.1,857.9,0.0
12,28.0,60.0,19.4,956.8,1765.0,0.0
13,30.3,49.0,18.4,956.7,2853.0,1.8
14,30.5,42.0,16.3,956.4,2537.0,2.3
15,30.7,41.0,16.0,955.8,3662.0,3.9
16,NaN,41.0,17.5,955.2,3663.0,2.3
17,32.6,32.0,13.6,954.3,3823.0,4.0
18,33.6,28.0,12.5,953.0,3449.0,2.6
19,34.6,29.0,14.1,952.5,2827.0,2.0
20,34.1,30.0,14.1,952.4,1977.0,0.8
21,33.8,29.0,13.3,952.6,1123.0,1.6
22,30.0,51.0,18.6,953.3,323.3,3.4
23,25.9,63.0,18.2,955.0,-3.28,4.2
0,24.4,70.0,18.6,955.7,-3.53,0.4
1,NaN,74.0,18.9,955.5,-3.54,0.0
2,23.2,77.0,19.1,955.5,-3.53,0.9
3,23.1,79.0,19.3,954.8,-3.53,0.0
4,22.9,80.0,19.3,954.6,-3.54,0.0
5,22.0,85.0,19.3,954.4,-3.54,0.0
6,21.7,87.0,19.4,954.6,-3.54,0.0
7,21.2,88.0,19.0,955.0,-3.54,0.0
8,21.5,87.0,19.3,955.6,-3.37,0.0
9,21.2,89.0,19.3,956.1,-1.62,0.0
10,22.4,84.0,19.6,956.7,216.4,0.0
11,25.3,67.0,18.7,957.0,770.2,0.0
12,26.6,63.0,19.1,957.2,1306.0,0.0
13,28.3,56.0,18.7,957.4,2214.0,0.3
14,30.3,52.0,19.3,957.0,3429.0,2.3
15,31.3,49.0,19.4,956.1,3895.0,2.7
16,32.3,45.0,18.9,955.6,4058.0,2.0
17,NaN,45.0,19.1,954.6,3928.0,3.5
18,26.8,75.0,22.0,954.4,982.2,1.8
19,24.6,70.0,18.7,955.0,165.2,2.5
20,24.0,74.0,19.1,953.9,82.64,0.0
21,23.7,76.0,19.3,953.5,44.78,0.0
22,23.1,85.0,20.5,953.3,13.93,1.4
23,23.1,79.0,19.2,954.3,-3.53,0.5
0,NaN,82.0,19.2,954.7,-3.53,0.4
1,22.5,84.0,19.6,954.8,-3.48,0.0
2,NaN,85.0,19.3,955.4,-3.54,0.1
3,21.6,89.0,19.7,955.5,-3.54,0.0
4,21.2,90.0,19.6,955.1,-3.54,0.0
5,21.4,89.0,19.4,955.2,-3.39,0.0
6,20.8,91.0,19.3,954.9,-3.48,0.0
7,20.5,92.0,19.2,954.8,-3.54,0.0
8,20.6,92.0,19.3,955.0,-3.53,0.0
9,NaN,92.0,19.3,955.5,-2.58,0.0
10,NaN,92.0,20.2,956.2,112.5,0.0
11,25.8,75.0,21.1,956.5,799.7,0.0
12,28.5,61.0,20.1,957.2,1864.0,0.0
13,29.7,56.0,19.9,957.4,2621.0,0.0
14,32.1,50.0,20.2,956.8,3362.0,0.6
15,34.1,43.0,19.9,956.1,3700.0,0.3
16,33.2,41.0,18.3,955.3,3805.0,2.1
17,28.0,74.0,22.9,954.4,645.2,0.6
18,28.3,54.0,18.2,953.6,2379.0,3.0
19,27.8,65.0,20.6,952.3,820.7,0.0
20,29.4,60.0,20.9,951.4,1656.0,0.0
21,30.4,56.0,20.7,951.7,1274.0,0.0
22,NaN,75.0,22.9,951.7,216.3,0.0
23,26.3,75.0,21.4,951.7,-3.53,0.0
0,NaN,82.0,22.1,952.3,-3.53,0.0
1,25.0,81.0,21.6,953.2,-3.53,0.0
2,24.7,82.0,21.4,954.0,-3.49,0.0
3,24.2,86.0,21.7,954.6,-3.53,0.0
4,23.6,83.0,20.5,953.8,-3.49,0.0
5,23.0,87.0,20.6,953.2,-3.54,0.0
6,22.7,88.0,20.6,953.2,-3.38,0.0
7,22.3,89.0,20.4,953.6,-3.54,0.0
8,22.0,88.0,19.9,953.9,-3.54,0.1
9,21.9,90.0,20.2,954.5,-2.14,0.0
10,22.8,88.0,20.7,954.9,110.2,0.0
11,26.7,75.0,21.8,955.7,809.7,0.1
12,27.7,70.0,21.7,956.0,1952.0,0.3
13,28.7,65.0,21.5,955.7,2600.0,0.8
14,31.4,59.0,22.5,955.5,3266.0,2.0
15,33.3,49.0,21.2,954.6,3724.0,0.7
16,35.1,40.0,19.6,953.6,4040.0,0.6
17,34.8,45.0,21.2,952.7,2723.0,2.3
18,36.9,33.0,17.8,951.6,3441.0,1.7
19,34.6,39.0,18.7,950.7,1470.0,0.0
20,35.5,34.0,17.3,950.7,1478.0,1.9
21,31.7,46.0,18.6,950.8,365.3,0.4
22,28.0,62.0,20.0,952.1,100.8,2.9
23,26.1,69.0,19.9,953.5,-3.44,0.5
0,25.6,70.0,19.6,953.6,-3.54,0.0
1,25.1,73.0,20.0,954.0,-3.54,0.0
2,24.1,78.0,20.1,953.7,-3.54,0.0
3,NaN,77.0,20.1,953.8,-3.54,1.2
4,23.2,85.0,20.5,953.8,-3.54,0.0
5,22.7,82.0,19.4,954.0,-3.54,0.0
6,22.5,84.0,19.6,953.9,-3.49,0.0
7,22.4,83.0,19.3,953.8,-3.44,0.0
8,21.2,89.0,19.3,954.1,-3.54,0.0
9,20.8,90.0,19.0,954.3,-3.2,0.0
10,21.5,86.0,19.0,954.6,88.04,0.0
11,NaN,76.0,20.3,955.0,688.1,0.0
12,26.2,71.0,20.6,955.2,1964.0,0.7
13,29.6,64.0,22.0,955.1,2797.0,0.4
14,30.4,55.0,20.2,955.2,3428.0,2.7
15,30.8,54.0,20.4,954.6,3877.0,2.1
16,NaN,48.0,19.7,954.0,3881.0,2.9
17,34.1,44.0,20.0,952.8,4019.0,2.7
18,34.2,43.0,20.0,951.6,3454.0,2.4
19,32.8,44.0,18.8,951.0,2429.0,1.1
20,31.9,48.0,19.6,950.3,1163.0,1.4
21,30.7,57.0,21.2,949.9,372.0,0.0
22,29.7,56.0,20.2,951.1,123.8,1.5
23,NaN,67.0,21.6,951.9,-3.5,0.0
0,27.0,68.0,20.5,953.0,-3.5,4.6
1,25.9,62.0,18.1,953.8,-3.53,0.5
2,24.4,71.0,18.8,954.1,-3.54,0.0
3,23.8,76.0,19.3,953.8,-3.54,0.1
4,22.9,81.0,19.5,953.4,-3.54,0.0
5,22.5,83.0,19.6,953.4,-3.53,0.1
6,22.0,89.0,20.0,953.2,-3.54,0.0
7,21.6,87.0,19.4,953.2,-3.54,0.0
8,21.2,88.0,19.2,953.3,-3.54,0.0
9,21.0,90.0,19.2,953.7,-3.22,0.0
10,21.8,86.0,19.4,954.7,82.23,0.0
11,24.0,78.0,19.9,955.4,420.8,0.0
12,27.3,65.0,20.2,955.3,1684.0,1.2
13,29.3,52.0,18.5,955.5,2775.0,1.0
14,NaN,48.0,18.5,955.1,3402.0,2.3
15,NaN,49.0,19.5,954.5,3836.0,2.0
16,NaN,44.0,19.1,953.8,3903.0,2.8
17,33.0,44.0,19.1,953.0,3711.0,1.8
18,31.4,50.0,19.8,952.0,698.8,1.6
19,30.6,57.0,21.2,951.9,1521.0,0.3
20,22.1,66.0,15.4,952.8,136.8,3.3
21,22.0,80.0,18.3,951.8,136.5,1.0
22,NaN,84.0,19.2,952.8,218.1,0.4
23,22.1,86.0,19.8,953.5,-2.2,0.5
0,21.5,88.0,19.4,953.8,-2.92,0.4
1,21.8,87.0,19.5,956.1,-3.36,1.3
2,20.9,88.0,18.8,955.9,-3.27,1.6
3,NaN,89.0,18.9,955.9,-3.48,0.7
4,20.3,91.0,18.7,955.2,-3.53,0.3
5,20.1,94.0,19.1,954.6,-3.53,0.0
6,19.6,93.0,18.5,953.9,-3.54,0.2
7,19.5,93.0,18.3,953.7,-3.53,0.5
8,19.2,94.0,18.2,954.0,-3.54,0.0
9,19.0,94.0,18.1,954.4,-2.85,0.1
10,19.8,90.0,18.1,954.8,98.58,0.8
11,22.0,82.0,18.7,956.0,366.3,1.4
12,24.4,82.0,21.2,956.6,1220.0,0.3
13,22.6,86.0,20.1,957.6,576.2,2.0
14,25.0,62.0,17.4,957.5,3105.0,4.5
15,26.2,63.0,18.5,956.5,2875.0,2.4
16,26.6,64.0,19.3,955.4,1285.0,1.6
17,NaN,64.0,19.9,954.8,1403.0,1.7
18,27.9,62.0,20.0,954.0,1487.0,1.2
19,29.6,50.0,18.0,952.5,2660.0,1.7
20,29.6,47.0,17.2,951.9,2008.0,2.2
21,28.7,49.0,17.1,952.0,1083.0,2.5
22,26.0,65.0,18.8,952.3,230.2,0.0
23,24.3,73.0,19.0,952.7,-3.54,0.0
0,22.9,79.0,19.1,953.6,-3.54,0.0
1,22.2,82.0,19.0,954.5,-3.54,0.0
2,21.8,85.0,19.1,955.1,-3.54,0.0
3,21.5,85.0,18.8,954.9,-3.54,0.0
4,21.6,85.0,19.0,954.4,-3.54,0.0
5,21.0,86.0,18.5,953.7,-3.54,0.0
6,21.5,81.0,18.0,953.9,-3.54,0.1
7,21.0,83.0,18.1,953.8,-3.54,0.0
8,21.4,81.0,18.0,954.5,-3.53,0.0
9,21.0,84.0,18.1,955.3,-3.47,0.0
10,21.7,82.0,18.5,956.1,122.8,0.3
11,23.0,78.0,19.0,956.6,666.9,0.0
12,25.6,70.0,19.7,956.7,1472.0,0.0
13,27.4,62.0,19.4,957.1,1579.0,0.3
14,29.2,58.0,20.1,956.8,2961.0,1.0
15,30.6,52.0,19.7,955.9,2617.0,0.1
16,NaN,50.0,19.8,954.6,2981.0,0.0
17,32.4,43.0,18.3,953.6,3551.0,1.2
18,NaN,40.0,17.9,952.6,3681.0,2.0
19,30.3,53.0,19.5,951.9,1853.0,2.5
20,28.1,56.0,18.3,951.8,1349.0,2.6
21,27.6,61.0,19.3,951.9,256.1,0.6
22,24.7,70.0,19.0,953.1,62.08,0.2
23,22.8,84.0,20.0,953.6,-3.42,1.6
0,22.9,86.0,20.4,953.9,-3.49,0.3
1,22.9,86.0,20.5,954.6,-2.87,0.0
2,23.0,81.0,19.7,955.1,-3.53,0.5
3,22.2,83.0,19.2,954.7,-3.36,0.0
4,22.4,83.0,19.3,954.1,-3.09,0.0
5,NaN,82.0,19.1,953.9,-3.04,0.0
6,NaN,82.0,19.3,953.6,-2.75,0.0
7,21.9,86.0,19.5,953.6,-2.74,0.0
8,22.1,84.0,19.3,953.6,-2.42,0.0
9,21.8,86.0,19.3,954.0,-3.05,0.0
10,22.0,84.0,19.2,954.6,69.62,0.0
11,23.1,82.0,19.9,955.3,344.1,0.0
12,25.0,73.0,19.8,955.9,687.9,0.1
13,26.4,63.0,18.9,956.0,1351.0,1.2
14,27.6,56.0,18.1,955.7,1968.0,2.9
15,28.8,56.0,19.3,954.9,2871.0,2.7
16,30.0,50.0,18.3,953.7,3481.0,2.5
17,27.9,56.0,18.4,952.9,2379.0,2.7
18,29.2,53.0,18.5,952.4,2240.0,3.0
19,28.4,56.0,18.7,952.2,1339.0,2.5
20,27.9,58.0,18.8,951.7,1202.0,3.2
21,27.6,60.0,19.0,952.2,883.8,1.8
22,26.3,63.0,18.7,953.0,187.9,0.1
23,24.8,74.0,19.8,954.1,-3.45,1.4
0,NaN,68.0,17.6,954.2,-3.43,1.6
1,23.7,72.0,18.5,955.1,-3.37,0.1
2,23.1,76.0,18.7,955.7,-3.49,0.0
3,22.9,81.0,19.5,955.5,-3.28,0.0
4,23.4,77.0,19.2,955.4,-3.28,0.0
5,22.4,83.0,19.3,954.5,-3.49,0.0
6,22.0,85.0,19.3,954.3,-3.54,0.7
7,NaN,81.0,19.1,954.5,-2.84,0.7
8,20.1,94.0,19.1,954.9,-1.31,0.9
9,NaN,96.0,18.9,955.3,-2.01,3.0
10,20.0,95.0,19.3,955.7,18.04,0.4
11,20.7,96.0,20.0,956.7,212.3,0.1
12,21.8,89.0,20.0,957.4,511.2,0.5
13,22.4,84.0,19.6,958.1,707.8,1.1
14,22.9,83.0,19.8,957.9,577.6,1.8
15,23.7,80.0,20.0,957.5,1067.0,0.8
16,NaN,94.0,20.0,957.3,878.2,2.0
17,22.3,87.0,19.9,956.2,679.1,0.5
18,22.9,85.0,20.2,955.4,1094.0,0.2
19,23.5,83.0,20.4,954.8,895.1,0.0
20,23.4,87.0,21.1,954.2,571.1,0.0
21,23.3,84.0,20.4,953.7,479.2,1.7
22,22.1,89.0,20.2,954.1,327.5,0.3
23,NaN,92.0,20.2,955.2,-3.51,0.0
0,21.2,93.0,20.0,955.5,-3.42,0.0
1,NaN,94.0,19.9,956.1,-3.26,0.5
2,21.2,91.0,19.7,957.0,-3.32,1.0
3,20.9,94.0,20.0,956.7,-3.34,0.0
4,20.8,95.0,20.1,956.1,-2.95,0.2
5,20.8,95.0,20.1,955.6,-2.67,0.0
6,20.7,95.0,19.9,955.3,-3.02,0.2
7,20.8,95.0,20.0,955.4,-2.19,0.1
8,20.7,95.0,19.8,955.6,-3.13,0.1
9,20.4,95.0,19.5,955.9,-3.13,0.0
10,21.0,95.0,20.1,956.7,84.63,0.0
11,21.7,89.0,19.8,957.4,281.4,0.0
12,22.9,84.0,20.1,958.0,580.1,0.0
13,24.1,78.0,19.9,958.0,1409.0,0.8
14,26.0,73.0,20.7,957.8,1943.0,2.0
15,22.9,87.0,20.7,957.1,1754.0,1.2
16,25.9,73.0,20.7,955.8,2077.0,1.1
17,24.1,84.0,21.3,955.6,1247.0,0.7
18,24.6,82.0,21.3,954.7,691.9,0.6
19,25.3,73.0,20.1,953.6,1458.0,1.1
20,26.9,68.0,20.4,952.9,2119.0,1.9
21,26.5,67.0,19.9,953.0,1153.0,1.6
22,25.3,76.0,20.7,953.7,223.1,0.5
23,23.7,83.0,20.7,954.2,-3.54,0.4
0,23.1,86.0,20.5,955.3,-3.49,1.0
1,22.9,85.0,20.2,955.7,-3.49,0.8
2,22.5,88.0,20.5,956.1,-3.53,1.0
3,22.3,88.0,20.2,955.8,-3.48,0.0
4,21.9,91.0,20.4,955.6,-3.54,0.0
5,21.6,92.0,20.2,955.0,-3.13,0.0
6,21.2,93.0,20.1,954.7,-3.52,0.1
7,21.1,94.0,20.1,954.7,-3.53,0.0
8,20.6,95.0,19.8,954.7,-3.53,0.1
9,20.3,95.0,19.4,955.3,-3.42,0.6
10,20.8,94.0,19.8,956.0,131.2,0.0
11,24.1,81.0,20.5,956.5,807.2,0.0
12,26.6,66.0,19.7,957.0,1744.0,2.5
13,NaN,58.0,19.5,957.1,2700.0,2.1
14,29.0,55.0,19.0,956.7,3415.0,2.1
15,30.2,50.0,18.5,956.0,3507.0,2.0
16,31.1,47.0,18.3,954.8,3919.0,2.2
17,30.6,49.0,18.5,953.6,3158.0,1.4
18,28.8,56.0,19.2,952.8,1963.0,3.4
19,26.2,71.0,20.5,952.6,501.5,2.1
20,25.2,77.0,20.8,952.0,360.7,1.0
21,25.8,77.0,21.4,951.7,369.9,0.4
22,25.8,78.0,21.6,952.7,196.2,0.0
23,NaN,NaN,NaN,NaN,NaN,3.0
